Annee,Mois,RH2M,TMP_MIN,TMP_MAX,WS2M,WS10M,WD10M,WD2M,UVA,UVB,CLOUD_AMT,SOIL_M,SOIL_W,SOIL_RW,PRECT_TOTAL,SURFACE_P,SH2M
2001,1,54.427058823529414,-5.63,23.4,2.666470588235294,3.8776470588235297,300.56176470588235,321.63,9.090588235294119,0.15058823529411766,28.959411764705884,0.49411764705882355,0.4676470588235294,0.49705882352941183,20.474117647058822,83.98,3.5694117647058823
2001,2,42.92411764705883,-4.76,23.5,2.445294117647059,3.5258823529411765,294.21,293.36764705882354,11.78764705882353,0.23705882352941177,28.531764705882352,0.4729411764705882,0.3952941176470588,0.4747058823529412,0.0,83.94470588235293,2.958235294117647
2001,3,41.08235294117647,-2.24,31.06,3.0923529411764705,4.391176470588235,281.88176470588235,282.1441176470588,14.914117647058823,0.3470588235294118,35.86176470588235,0.4517647058823529,0.3305882352941176,0.4535294117647059,4.653529411764706,83.67294117647059,3.849411764705882
2001,4,32.28764705882353,-1.76,31.95,2.781764705882353,3.8817647058823526,315.0917647058824,309.9476470588235,17.69764705882353,0.4052941176470588,31.86176470588235,0.4335294117647059,0.23411764705882354,0.43176470588235294,0.6205882352941177,83.6564705882353,3.6111764705882354
2001,5,35.39764705882353,-2.52,37.55,3.418235294117647,4.656470588235294,324.98470588235296,321.54,19.468823529411765,0.4852941176470588,34.163529411764706,0.42823529411764705,0.17058823529411765,0.4223529411764706,0.0,83.5829411764706,4.25764705882353
2001,6,21.444117647058825,8.51,41.13,3.1123529411764705,4.248823529411765,293.7429411764706,279.5241176470588,19.250588235294117,0.5070588235294118,29.070588235294117,0.4264705882352941,0.14941176470588236,0.4211764705882353,0.31,83.93470588235294,4.275294117647059
2001,7,18.75294117647059,9.2,42.17,2.982941176470588,4.081176470588235,252.9629411764706,247.21705882352938,18.024117647058826,0.47882352941176476,42.13941176470588,0.4252941176470588,0.0976470588235294,0.42058823529411765,0.0,83.95705882352941,4.289411764705882
2001,8,28.804117647058824,9.69,41.14,2.7682352941176473,3.7458823529411767,244.11470588235292,237.7258823529412,16.64117647058824,0.4341176470588235,43.239411764705885,0.4264705882352941,0.17294117647058824,0.4264705882352941,14.270588235294118,84.05235294117647,6.259411764705882
2001,9,38.03352941176471,6.14,38.22,3.0323529411764705,4.090588235294117,301.5764705882353,297.0064705882353,15.290000000000001,0.3852941176470588,36.129411764705885,0.42705882352941177,0.21352941176470588,0.42705882352941177,0.31,83.76235294117647,6.052941176470589
2001,10,35.128235294117644,4.18,31.95,2.697058823529412,3.8394117647058823,207.33588235294118,207.9558823529412,11.276470588235293,0.25411764705882356,55.339999999999996,0.42705882352941177,0.2211764705882353,0.42705882352941177,1.5505882352941176,84.08411764705883,4.825294117647059
2001,11,47.88529411764706,-6.52,26.01,2.5,3.6088235294117648,276.2541176470588,294.4664705882353,8.262352941176472,0.15058823529411766,51.72941176470588,0.4335294117647059,0.27294117647058824,0.43,1.8599999999999999,83.71470588235294,3.937058823529412
2001,12,64.21235294117648,-2.08,21.55,2.2811764705882354,3.3123529411764707,208.85882352941175,208.38235294117646,7.055882352941176,0.12,55.90176470588236,0.46529411764705886,0.4288235294117647,0.4676470588235294,46.83882352941176,83.80823529411765,4.827647058823529
2002,1,49.33529411764706,-4.47,23.58,1.82,2.7070588235294117,129.69058823529411,137.75176470588235,8.501764705882353,0.15823529411764706,39.89058823529412,0.48,0.4547058823529412,0.4847058823529412,0.0,84.27588235294118,3.48
2002,2,42.27058823529412,-2.74,25.74,1.8594117647058823,2.731176470588235,286.3229411764706,292.7647058823529,11.683529411764706,0.24058823529411763,32.85,0.45647058823529413,0.3911764705882353,0.45588235294117646,3.0999999999999996,84.05823529411765,3.338235294117647
2002,3,49.5564705882353,-5.67,28.83,2.841176470588235,4.024705882352941,265.30294117647054,264.1411764705882,14.004705882352942,0.3241176470588235,42.853529411764704,0.4623529411764706,0.42705882352941177,0.46352941176470586,66.3835294117647,83.57705882352941,3.899411764705883
2002,4,58.27235294117647,-3.62,29.91,3.0352941176470587,4.218235294117647,313.06,309.9041176470588,15.456470588235293,0.3647058823529412,49.73882352941176,0.5499999999999999,0.5447058823529412,0.5641176470588235,49.32176470588235,83.37529411764706,5.4282352941176475
2002,5,41.10705882352941,-2.72,36.15,3.1311764705882354,4.334117647058824,294.24882352941177,290.63529411764705,18.235882352941175,0.4576470588235294,39.19705882352941,0.48411764705882354,0.4329411764705883,0.4894117647058824,2.17,83.59764705882353,5.313529411764706
2002,6,25.34764705882353,4.44,39.65,3.2794117647058822,4.49235294117647,229.82,227.79764705882351,19.61470588235294,0.5188235294117647,28.140588235294118,0.43176470588235294,0.20529411764705885,0.4294117647058823,0.0,83.90411764705881,4.5058823529411764
2002,7,21.089411764705883,6.25,42.19,2.8741176470588234,3.914117647058823,292.1941176470588,273.49,19.371176470588235,0.521764705882353,24.77058823529412,0.4258823529411765,0.10176470588235294,0.4211764705882353,0.0,83.85176470588236,4.544117647058823
2002,8,28.678235294117645,8.06,39.91,3.0364705882352943,4.097647058823529,290.39294117647063,284.9994117647059,17.381764705882354,0.45705882352941174,34.86529411764706,0.4264705882352941,0.17941176470588238,0.42176470588235293,11.168235294117649,83.88882352941175,5.7570588235294125
2002,9,35.25,6.39,37.87,3.0488235294117647,4.162352941176471,290.92411764705884,288.1535294117647,15.459411764705882,0.39235294117647057,39.95470588235294,0.42764705882352944,0.2288235294117647,0.42705882352941177,5.270588235294118,83.95058823529412,5.668235294117647
2002,10,41.05411764705883,3.22,31.54,2.644705882352941,3.6758823529411764,270.2270588235294,286.81470588235294,12.231176470588236,0.27176470588235296,35.98117647058823,0.42764705882352944,0.22235294117647061,0.42705882352941177,3.721764705882353,84.00058823529412,5.367058823529412
2002,11,49.45176470588235,-3.24,29.24,2.6047058823529414,3.7141176470588237,317.07235294117646,314.47941176470584,9.614117647058823,0.17882352941176471,34.98705882352941,0.4541176470588235,0.33,0.45764705882352935,38.77470588235294,83.82764705882353,4.353529411764706
2002,12,61.417647058823526,-2.38,25.3,2.127058823529412,3.1576470588235295,243.68705882352944,240.53058823529412,7.597058823529412,0.12352941176470589,38.92823529411765,0.4888235294117647,0.46882352941176475,0.4964705882352941,22.644705882352945,83.9770588235294,4.760588235294117
2003,1,53.28235294117647,-8.59,24.0,2.5688235294117647,3.7252941176470586,322.60705882352937,321.6605882352941,8.999411764705883,0.14882352941176472,30.130000000000003,0.49058823529411766,0.46294117647058824,0.49470588235294116,8.997058823529413,83.97529411764705,3.42
2003,2,49.20411764705882,-5.31,23.95,2.6670588235294117,3.822352941176471,326.2505882352941,324.7258823529412,11.279411764705882,0.2088235294117647,34.08882352941176,0.4711764705882353,0.39999999999999997,0.47764705882352937,3.722352941176471,83.67588235294117,3.3405882352941174
2003,3,46.39705882352941,-0.93,31.43,2.5552941176470587,3.6605882352941173,171.89117647058825,175.73235294117646,13.15764705882353,0.2858823529411765,50.765882352941176,0.4682352941176471,0.4152941176470588,0.4747058823529412,24.814117647058822,83.77529411764706,4.265294117647059
2003,4,45.89705882352941,-2.46,33.78,3.275294117647059,4.562352941176471,283.6452941176471,283.0811764705882,17.10705882352941,0.40588235294117647,40.22411764705882,0.47764705882352937,0.43058823529411766,0.48294117647058826,26.98705882352941,83.45294117647059,4.54764705882353
2003,5,38.199999999999996,-2.76,35.81,2.9958823529411767,4.1505882352941175,49.84117647058824,195.52823529411765,18.478235294117646,0.44058823529411767,39.61235294117647,0.4511764705882353,0.3264705882352941,0.44999999999999996,2.7923529411764707,83.68058823529411,5.322941176470588
2003,6,31.016470588235293,6.98,40.67,2.88,3.9747058823529415,181.51882352941178,206.48529411764707,18.945882352941176,0.4917647058823529,38.762352941176474,0.4352941176470588,0.27294117647058824,0.4341176470588235,17.681764705882355,83.80882352941177,5.668235294117647
2003,7,23.738823529411764,12.83,41.51,2.643529411764706,3.5923529411764705,214.0458823529412,211.21176470588236,17.480588235294118,0.47705882352941176,47.861176470588234,0.4264705882352941,0.15235294117647058,0.4211764705882353,0.0,84.07117647058824,5.770588235294118
2003,8,30.07764705882353,12.84,40.46,2.4923529411764704,3.3547058823529414,205.36882352941177,204.17117647058822,16.801764705882352,0.44764705882352945,46.40117647058824,0.42705882352941177,0.19,0.4258823529411765,0.31,84.0564705882353,6.7441176470588236
2003,9,33.79176470588236,8.3,38.78,2.3705882352941177,3.260588235294118,268.23470588235296,253.44882352941178,14.956470588235293,0.36705882352941177,38.78823529411765,0.4341176470588235,0.25,0.43000000000000005,13.028823529411765,84.06764705882354,6.087058823529412
2003,10,54.35058823529412,0.9,32.78,2.7664705882352942,3.821176470588235,269.1617647058824,267.2852941176471,11.062941176470588,0.2505882352941176,56.762352941176474,0.4364705882352941,0.3447058823529412,0.4358823529411765,19.231176470588235,83.65764705882353,6.315294117647059
2003,11,55.18588235294118,-3.43,25.71,2.584705882352941,3.664705882352941,306.85823529411766,305.27,9.621764705882352,0.18588235294117647,31.24823529411765,0.45647058823529413,0.4076470588235294,0.4588235294117647,23.577058823529413,83.69176470588235,4.47
2003,12,56.88235294117647,-6.97,22.65,2.491764705882353,3.614117647058823,308.12529411764706,308.19588235294117,7.726470588235294,0.12705882352941178,40.06,0.48176470588235293,0.4511764705882353,0.4876470588235295,15.82,83.89999999999999,4.065294117647059
2004,1,49.39705882352941,-6.15,25.03,1.7494117647058824,2.598235294117647,135.2864705882353,154.92882352941177,9.178235294117647,0.15823529411764706,24.821176470588235,0.46588235294117647,0.38411764705882356,0.46588235294117647,0.62,83.83941176470589,3.5229411764705882
2004,2,52.781176470588235,-4.78,21.13,2.6688235294117644,3.8041176470588236,228.79,229.97764705882352,10.631176470588235,0.21882352941176472,43.81294117647059,0.46058823529411763,0.39176470588235296,0.46294117647058824,29.158235294117645,83.78235294117647,3.6758823529411764
2004,3,44.25941176470588,-4.58,27.17,2.72,3.8964705882352946,314.94529411764705,310.69588235294117,13.990588235294117,0.3141176470588235,38.41764705882353,0.4694117647058823,0.4411764705882353,0.47411764705882353,21.713529411764707,83.7835294117647,3.583529411764706
2004,4,47.04058823529412,-1.38,31.95,3.114117647058823,4.318823529411765,292.9994117647059,289.72764705882355,16.988823529411764,0.4152941176470588,34.843529411764706,0.46058823529411763,0.4029411764705882,0.4617647058823529,1.5505882352941176,83.39117647058823,4.437647058823529
2004,5,49.26294117647059,-1.57,32.14,3.578823529411765,4.87235294117647,335.63941176470587,333.43117647058824,18.06823529411765,0.4511764705882353,33.121764705882356,0.45235294117647057,0.3782352941176471,0.4535294117647059,25.125882352941176,83.45705882352941,5.129411764705883
2004,6,31.090588235294117,7.85,39.59,2.7094117647058824,3.726470588235294,86.89999999999999,85.81941176470589,19.39470588235294,0.5023529411764706,28.779411764705884,0.4388235294117647,0.2811764705882353,0.4364705882352941,6.823529411764706,83.96235294117646,5.416470588235294
2004,7,21.93176470588235,9.23,40.12,2.815294117647059,3.8600000000000003,222.01529411764707,215.18882352941176,18.23411764705882,0.49235294117647055,38.470588235294116,0.42705882352941177,0.18294117647058822,0.4258823529411765,12.409411764705883,83.95647058823529,4.995294117647059
2004,8,27.88,11.68,39.91,2.83,3.844117647058823,207.42529411764707,210.95470588235295,16.924705882352942,0.4505882352941177,37.002941176470586,0.4264705882352941,0.1758823529411765,0.42176470588235293,0.0,84.00176470588235,5.8876470588235295
2004,9,29.869999999999997,8.39,37.76,2.5023529411764707,3.448235294117647,209.11882352941177,211.15411764705883,13.988235294117647,0.3488235294117647,43.12294117647059,0.42705882352941177,0.1723529411764706,0.42176470588235293,0.31,84.09470588235294,5.347058823529412
2004,10,41.06882352941176,-0.1,31.44,2.625294117647059,3.6694117647058824,259.61470588235295,257.9394117647059,11.113529411764706,0.2535294117647059,51.40941176470589,0.4294117647058823,0.23588235294117646,0.42705882352941177,17.061176470588236,83.86941176470589,5.346470588235294
2004,11,56.90529411764706,-4.29,26.59,2.197058823529412,3.135294117647059,233.81882352941176,236.37117647058824,8.956470588235293,0.15823529411764706,41.678823529411765,0.4717647058823529,0.4547058823529412,0.4764705882352941,31.019411764705886,83.78529411764706,4.495294117647059
2004,12,63.65176470588235,-9.71,22.38,2.7023529411764704,3.9029411764705877,260.01529411764704,257.4770588235294,7.635882352941176,0.11529411764705882,30.024705882352944,0.4917647058823529,0.48176470588235293,0.49764705882352944,31.64235294117647,83.63588235294117,3.8035294117647056
2005,1,45.59176470588235,-10.23,21.17,1.9941176470588236,2.936470588235294,51.29588235294118,48.90470588235294,9.059411764705882,0.14705882352941177,24.021764705882354,0.49411764705882355,0.4682352941176471,0.49764705882352944,1.24,84.08411764705883,2.658823529411765
2005,2,56.05235294117647,-9.73,23.85,2.4041176470588237,3.4794117647058824,297.34,290.7029411764706,10.591764705882353,0.1935294117647059,36.7464705882353,0.47764705882352937,0.45529411764705885,0.4852941176470588,26.676470588235293,83.40588235294118,3.235294117647059
2005,3,49.17352941176471,-5.85,30.8,2.4176470588235297,3.476470588235294,272.54352941176467,269.6923529411765,13.456470588235293,0.30235294117647055,39.99470588235294,0.4988235294117647,0.4711764705882353,0.5058823529411764,14.891176470588235,83.63058823529411,4.356470588235294
2005,4,37.24058823529412,-1.39,33.13,2.965294117647059,4.151176470588235,320.53705882352943,314.89588235294116,17.508823529411767,0.43058823529411766,25.884117647058826,0.44999999999999996,0.32705882352941174,0.4505882352941177,0.0,83.55352941176471,4.208823529411765
2005,5,29.049411764705884,4.25,37.05,3.0700000000000003,4.253529411764706,235.83823529411765,234.3205882352941,18.063529411764705,0.46529411764705886,37.72705882352941,0.42764705882352944,0.17705882352941177,0.4223529411764706,0.0,83.76764705882353,4.5329411764705885
2005,6,31.40529411764706,6.8,39.3,2.6023529411764708,3.5605882352941176,257.37882352941176,243.63352941176473,18.34294117647059,0.4888235294117647,40.26470588235294,0.4335294117647059,0.24352941176470586,0.42764705882352944,13.028823529411765,83.88235294117646,6.090588235294118
2005,7,23.793529411764705,10.91,41.55,2.853529411764706,3.856470588235294,245.2658823529412,239.65470588235294,19.627058823529413,0.5352941176470589,22.697058823529414,0.4264705882352941,0.13999999999999999,0.4223529411764706,4.0317647058823525,83.96176470588235,5.198235294117647
2005,8,24.17529411764706,11.36,40.84,2.6947058823529413,3.666470588235294,285.54764705882354,274.1064705882353,17.531764705882352,0.4752941176470588,31.27823529411765,0.4258823529411765,0.1670588235294118,0.4252941176470588,2.7905882352941176,83.98764705882353,5.396470588235295
2005,9,33.94294117647058,6.12,37.86,2.672941176470588,3.6347058823529412,326.3735294117647,319.16,14.992941176470588,0.38176470588235295,34.15764705882353,0.42764705882352944,0.22294117647058823,0.4264705882352941,7.134705882352941,83.97411764705882,5.739411764705882
2005,10,51.42,4.5,32.52,2.3023529411764705,3.238235294117647,235.7129411764706,234.96941176470588,11.125882352941177,0.2535294117647059,46.061764705882354,0.4488235294117647,0.3770588235294118,0.4517647058823529,36.91411764705882,83.94470588235293,6.618823529411764
2005,11,60.50058823529412,-3.81,25.75,2.81,3.9700000000000006,276.46117647058827,275.3564705882353,8.911176470588236,0.1652941176470588,36.11705882352941,0.45705882352941174,0.42470588235294116,0.4588235294117647,13.959411764705882,83.6335294117647,5.034117647058824
2005,12,56.86470588235294,-4.72,21.24,1.9564705882352944,2.895882352941176,228.5805882352941,223.94,7.766470588235294,0.12,31.27058823529412,0.4688235294117647,0.44588235294117645,0.47411764705882353,27.91705882352941,83.72647058823529,3.650588235294118
2006,1,65.96294117647058,-8.94,18.79,2.408235294117647,3.4758823529411766,317.29411764705884,314.97352941176473,7.848823529411764,0.12705882352941178,37.30058823529412,0.5205882352941176,0.5229411764705882,0.5305882352941176,68.86529411764707,83.55470588235295,3.504705882352941
2006,2,66.88,-7.09,21.73,2.9705882352941178,4.17,299.9594117647059,299.8529411764706,10.137058823529413,0.2158823529411765,35.91117647058824,0.5694117647058823,0.5852941176470587,0.5870588235294117,26.365294117647057,83.51,4.168823529411765
2006,3,46.68411764705883,-3.75,30.87,2.646470588235294,3.771176470588235,291.7923529411765,289.20235294117646,15.57294117647059,0.3652941176470588,17.85882352941176,0.5429411764705883,0.5282352941176471,0.5541176470588235,1.5511764705882354,83.7664705882353,4.090588235294118
2006,4,43.858823529411765,0.2,32.26,3.3652941176470588,4.711764705882352,277.78882352941173,275.9905882352941,15.994117647058822,0.39882352941176474,43.186470588235295,0.48176470588235293,0.4158823529411765,0.4852941176470588,13.028823529411765,83.45705882352941,4.99
2006,5,37.94588235294117,2.43,36.76,3.094705882352941,4.303529411764706,178.18411764705883,183.11823529411765,17.82588235294118,0.44058823529411767,35.04117647058824,0.45705882352941174,0.35294117647058826,0.45764705882352935,21.714117647058824,83.69058823529411,5.340588235294118
2006,6,35.94411764705882,6.01,38.51,2.9394117647058824,4.028235294117647,232.78058823529412,231.55117647058822,19.21941176470588,0.49117647058823527,26.89235294117647,0.44235294117647056,0.29,0.43941176470588234,0.9305882352941177,83.7964705882353,5.761176470588235
2006,7,25.058823529411764,13.33,40.48,2.7188235294117646,3.7205882352941178,214.42235294117646,212.9764705882353,17.09941176470588,0.46529411764705886,46.63294117647059,0.43000000000000005,0.2235294117647059,0.42705882352941177,9.618235294117648,84.12705882352941,5.881176470588236
2006,8,26.101764705882353,9.16,40.4,2.877058823529412,3.8676470588235294,322.18529411764706,311.84,17.77294117647059,0.478235294117647,24.32823529411765,0.4264705882352941,0.13117647058823528,0.4211764705882353,0.0,83.84,5.341176470588235
2006,9,39.24176470588235,7.75,37.6,2.448823529411765,3.309411764705882,181.75470588235294,180.63882352941178,14.534117647058823,0.3641176470588235,39.158235294117645,0.43000000000000005,0.24411764705882355,0.42705882352941177,8.376470588235295,83.86411764705883,6.661764705882353
2006,10,41.30411764705883,2.51,34.26,2.861764705882353,3.998823529411765,198.55764705882353,200.11529411764707,11.548823529411765,0.2605882352941176,36.93529411764706,0.43470588235294116,0.22647058823529412,0.43058823529411766,15.20058823529412,83.84588235294117,5.353529411764706
2006,11,54.351176470588236,-2.26,27.98,1.9676470588235295,2.8741176470588234,221.0629411764706,216.6635294117647,8.581176470588234,0.15823529411764706,42.06647058823529,0.4547058823529411,0.43823529411764706,0.4552941176470588,23.88470588235294,84.06117647058824,5.055294117647058
2006,12,61.46352941176471,-7.38,23.78,1.9764705882352942,2.936470588235294,122.14823529411764,116.42235294117647,7.864705882352941,0.1252941176470588,25.642352941176473,0.49235294117647066,0.48,0.4982352941176471,44.050000000000004,84.09823529411766,3.6752941176470593
2007,1,50.3064705882353,-7.98,21.01,1.8876470588235297,2.7747058823529414,86.51705882352941,88.68470588235294,8.52764705882353,0.15176470588235294,35.43588235294118,0.4917647058823529,0.4729411764705882,0.4964705882352941,17.680588235294117,84.21529411764706,3.4447058823529413
2007,2,56.23647058823529,-5.53,25.67,2.388235294117647,3.498823529411765,314.0488235294118,311.69529411764705,11.108823529411765,0.21705882352941175,32.37705882352941,0.5023529411764707,0.4852941176470588,0.5088235294117647,19.542352941176468,83.90647058823528,4.154117647058824
2007,3,41.44882352941176,-4.13,29.23,2.795294117647059,3.9641176470588237,317.71411764705886,314.08235294117645,14.81529411764706,0.30176470588235293,21.267058823529414,0.47411764705882353,0.4188235294117647,0.4747058823529412,0.0,83.78529411764706,3.3076470588235294
2007,4,50.03294117647059,-4.52,28.77,3.293529411764706,4.546470588235294,330.7117647058824,328.5229411764706,16.88352941176471,0.38588235294117645,29.112941176470585,0.46,0.4041176470588235,0.46705882352941175,39.08588235294118,83.27470588235295,4.518235294117647
2007,5,42.57764705882352,-1.59,33.99,2.9805882352941175,4.144705882352941,323.0947058823529,317.2494117647059,19.68764705882353,0.47882352941176476,19.718823529411765,0.4888235294117647,0.42823529411764705,0.49235294117647055,53.353529411764704,83.64235294117647,4.86
2007,6,37.20647058823529,7.01,38.73,3.2570588235294116,4.388235294117647,330.46,326.0970588235294,21.128823529411765,0.5664705882352941,12.33764705882353,0.4517647058823529,0.3064705882352941,0.4505882352941177,0.0,83.60588235294118,5.794117647058823
2007,7,20.82294117647059,12.82,41.64,2.441764705882353,3.3376470588235296,229.8735294117647,224.90176470588236,18.39588235294118,0.5182352941176471,35.800000000000004,0.42705882352941177,0.1535294117647059,0.4223529411764706,0.0,84.0035294117647,4.949411764705882
2007,8,27.53529411764706,9.31,40.43,2.788235294117647,3.777647058823529,233.47882352941176,230.4929411764706,17.006470588235295,0.46529411764705886,30.14235294117647,0.42705882352941177,0.20647058823529413,0.4258823529411765,6.822941176470588,83.78470588235294,5.763529411764706
2007,9,32.957647058823525,6.94,37.01,2.814117647058824,3.8464705882352943,264.84352941176473,260.15058823529415,15.564117647058822,0.3905882352941176,24.20235294117647,0.42764705882352944,0.1811764705882353,0.4223529411764706,2.7911764705882356,83.88176470588235,5.252941176470588
2007,10,49.347647058823526,0.48,32.43,2.1282352941176472,3.018823529411765,294.59941176470585,288.24529411764706,11.676470588235293,0.2570588235294118,36.12764705882353,0.4429411764705882,0.37529411764705883,0.4429411764705882,24.19470588235294,83.80941176470589,5.660588235294117
2007,11,48.67588235294118,-3.1,28.75,2.211176470588235,3.188823529411765,274.2629411764706,274.24117647058824,9.552352941176471,0.18176470588235294,29.414117647058823,0.4529411764705882,0.3594117647058824,0.4529411764705882,40.014117647058825,83.71117647058823,4.168823529411765
2007,12,54.006470588235295,-3.42,22.81,1.8070588235294116,2.6776470588235295,293.9129411764706,282.04470588235296,8.202941176470588,0.13176470588235295,26.752352941176472,0.48352941176470593,0.46294117647058824,0.4852941176470588,13.958823529411765,83.9835294117647,3.633529411764706
2008,1,54.18941176470588,-4.27,21.78,1.8629411764705883,2.735294117647059,296.6264705882353,296.2,9.209411764705882,0.16176470588235295,20.15529411764706,0.5,0.47411764705882353,0.5070588235294118,22.334117647058825,84.17,3.8741176470588234
2008,2,55.36529411764705,-4.09,24.26,2.6776470588235295,3.8835294117647057,145.59117647058824,147.92764705882354,9.93235294117647,0.19529411764705884,40.36,0.49294117647058827,0.45,0.4970588235294117,23.26294117647059,83.9235294117647,4.1370588235294115
2008,3,40.87647058823529,-2.2,28.05,2.493529411764706,3.586470588235294,321.2905882352941,316.2370588235294,14.698235294117648,0.33352941176470585,26.798235294117646,0.48058823529411765,0.42294117647058826,0.48588235294117643,1.8605882352941177,83.60411764705883,3.5429411764705883
2008,4,37.66235294117647,-3.71,32.15,3.18,4.4423529411764715,271.8635294117647,271.5135294117647,16.701176470588234,0.4152941176470588,29.69,0.45235294117647057,0.32941176470588235,0.45294117647058824,0.0,83.60470588235295,4.025294117647059
2008,5,40.970588235294116,0.34,34.77,3.994705882352941,5.393529411764706,331.7752941176471,330.14235294117645,18.883529411764705,0.4847058823529412,28.75941176470588,0.43176470588235294,0.2111764705882353,0.43000000000000005,0.0,83.35411764705883,4.681764705882353
2008,6,25.147058823529413,3.81,40.51,2.853529411764706,3.912941176470588,208.8470588235294,206.64764705882354,20.51058823529412,0.5570588235294118,16.205882352941178,0.42705882352941177,0.15705882352941175,0.4223529411764706,0.31,83.73294117647059,4.4547058823529415
2008,7,23.266470588235293,12.37,41.15,2.7070588235294117,3.6876470588235293,228.43588235294118,223.92882352941177,17.678235294117645,0.49411764705882355,41.18058823529412,0.4264705882352941,0.1376470588235294,0.42176470588235293,0.31,83.95,5.580588235294118
2008,8,23.135294117647057,13.82,40.28,2.6411764705882352,3.582941176470588,201.8341176470588,204.89352941176472,16.540588235294116,0.4535294117647059,38.14235294117647,0.4264705882352941,0.15529411764705883,0.42176470588235293,0.31,83.95823529411764,5.494705882352941
2008,9,46.3564705882353,4.26,36.71,3.0341176470588236,4.124705882352941,285.9205882352941,283.18529411764706,13.962941176470588,0.3558823529411765,42.75941176470588,0.44823529411764707,0.3305882352941176,0.44529411764705884,32.88117647058824,83.79764705882353,7.17
2008,10,61.001176470588234,-3.0,29.33,2.4905882352941178,3.456470588235294,271.7747058823529,276.67294117647054,11.278235294117646,0.24411764705882355,37.89058823529412,0.4623529411764706,0.4429411764705882,0.46352941176470586,34.43117647058824,83.67999999999999,6.275294117647059
2008,11,63.32647058823529,-5.86,21.01,2.433529411764706,3.4670588235294115,306.1905882352941,305.3417647058824,9.114117647058823,0.16058823529411764,28.45764705882353,0.5223529411764707,0.511764705882353,0.5294117647058824,47.771764705882354,83.62823529411764,4.360588235294117
2008,12,65.72647058823529,-8.71,21.1,2.911764705882353,4.184117647058823,310.6376470588235,311.86,7.857647058823528,0.11529411764705882,30.472941176470584,0.5288235294117647,0.5217647058823529,0.5394117647058824,19.233529411764707,83.71588235294118,3.841176470588235
2009,1,68.06588235294117,-7.13,23.96,2.933529411764706,4.21235294117647,335.41705882352943,335.2094117647059,8.47,0.13705882352941176,28.595882352941175,0.5476470588235295,0.5541176470588235,0.558235294117647,32.88117647058824,83.60529411764706,3.7682352941176473
2009,2,60.851176470588236,-6.32,22.12,2.7758823529411765,3.9594117647058824,265.7711764705882,265.7423529411765,10.310588235294118,0.19823529411764707,42.43764705882353,0.5911764705882352,0.6123529411764705,0.6088235294117647,50.87352941176471,83.48294117647059,4.132941176470588
2009,3,62.50058823529412,-5.36,24.76,3.0341176470588236,4.3217647058823525,186.57882352941178,233.2635294117647,12.75764705882353,0.27705882352941175,41.728235294117646,0.5782352941176471,0.5911764705882353,0.591764705882353,48.079411764705874,83.50176470588235,5.1511764705882355
2009,4,48.592352941176465,-3.78,29.6,3.201764705882353,4.4411764705882355,326.4823529411765,324.1364705882353,18.091176470588238,0.42058823529411765,20.24235294117647,0.548235294117647,0.5282352941176471,0.5594117647058824,0.62,83.55588235294118,4.479411764705882
2009,5,38.14823529411765,1.95,35.3,3.1088235294117648,4.345882352941176,187.07588235294116,190.82529411764708,19.01529411764706,0.4870588235294117,28.506470588235295,0.4747058823529412,0.3723529411764706,0.47705882352941176,1.5499999999999998,83.64117647058823,5.015882352941176
2009,6,41.68764705882353,6.12,37.0,2.9541176470588235,4.049411764705883,312.2035294117647,327.9264705882353,18.271176470588237,0.4917647058823529,40.70529411764706,0.4447058823529412,0.3394117647058823,0.4441176470588235,22.334705882352942,83.90529411764706,6.902352941176471
2009,7,22.122941176470587,12.92,41.4,2.867058823529412,3.9305882352941173,126.87647058823529,163.42823529411763,18.802941176470586,0.5235294117647059,35.436470588235295,0.42705882352941177,0.19294117647058825,0.42294117647058826,0.0,84.13529411764705,5.185882352941176
2009,8,23.681764705882355,11.64,41.3,2.5776470588235294,3.4923529411764704,239.4664705882353,234.71411764705883,17.637647058823532,0.48,29.129411764705882,0.4264705882352941,0.12,0.4211764705882353,0.0,83.94294117647058,5.345294117647059
2009,9,50.07176470588235,5.01,37.65,2.7705882352941176,3.717058823529412,297.6088235294118,292.5570588235294,14.24470588235294,0.3594117647058824,39.2235294117647,0.44941176470588234,0.3647058823529412,0.44941176470588234,40.325294117647054,83.81647058823529,7.087647058823529
2009,10,39.69117647058823,4.65,32.01,2.012941176470588,2.8635294117647057,286.9511764705882,271.09117647058827,12.857058823529412,0.29,23.23470588235294,0.44,0.32941176470588235,0.43941176470588234,5.27,83.93294117647058,5.632352941176471
2009,11,40.525882352941174,-1.05,28.19,2.326470588235294,3.3658823529411763,290.21529411764703,293.6935294117647,9.882352941176471,0.18705882352941178,17.451764705882354,0.42764705882352944,0.2211764705882353,0.42705882352941177,0.9299999999999999,84.06235294117647,3.8723529411764703
2009,12,57.002941176470586,-2.4,24.68,2.6723529411764706,3.838823529411765,268.3952941176471,268.89176470588234,7.655882352941177,0.13529411764705884,36.364117647058826,0.45647058823529413,0.36882352941176466,0.45764705882352935,51.49411764705882,83.61470588235295,4.664705882352941
2010,1,58.067647058823525,-10.09,25.55,2.966470588235294,4.247058823529412,311.4082352941176,311.49176470588236,8.59764705882353,0.14882352941176472,36.21764705882353,0.5276470588235295,0.5229411764705882,0.5341176470588236,40.32470588235294,83.6405882352941,3.928235294117647
2010,2,67.92529411764706,-5.69,26.46,3.7047058823529415,5.248235294117647,274.14235294117645,273.55176470588236,9.83705882352941,0.1935294117647059,54.17058823529412,0.591764705882353,0.6147058823529411,0.6047058823529411,83.44294117647058,83.28470588235295,5.43235294117647
2010,3,55.660000000000004,-2.11,29.61,3.3041176470588236,4.689411764705882,289.4152941176471,288.81176470588235,13.68764705882353,0.3141176470588235,42.922941176470594,0.6029411764705882,0.6164705882352941,0.621764705882353,29.156470588235294,83.69705882352942,4.89
2010,4,49.796470588235294,0.37,32.36,2.6741176470588237,3.7823529411764705,256.6294117647059,250.1058823529412,16.078823529411768,0.3852941176470588,47.584705882352935,0.5188235294117647,0.4852941176470588,0.5270588235294118,1.2405882352941175,83.46411764705881,5.765882352941176
2010,5,41.63,1.15,34.27,3.5894117647058823,4.9282352941176475,316.55,313.68764705882353,18.39588235294118,0.4535294117647059,32.67235294117647,0.46294117647058824,0.3688235294117647,0.4664705882352941,0.31,83.56411764705882,4.973529411764706
2010,6,36.69764705882353,4.94,39.9,3.3476470588235294,4.491764705882353,337.8241176470588,335.0417647058824,20.70235294117647,0.5282352941176471,14.901176470588236,0.4294117647058823,0.1923529411764706,0.42705882352941177,0.0,83.62058823529412,5.753529411764706
2010,7,25.254117647058823,12.23,41.69,2.905294117647059,3.9488235294117646,185.8376470588235,189.0370588235294,17.658235294117645,0.4688235294117647,43.25705882352941,0.4264705882352941,0.1758823529411765,0.4223529411764706,1.5505882352941176,83.97294117647058,6.15764705882353
2010,8,29.615882352941174,7.79,41.26,2.570588235294118,3.495294117647059,199.1623529411765,202.05176470588236,16.43647058823529,0.43529411764705883,41.83176470588235,0.43117647058823527,0.25588235294117645,0.43,15.510000000000002,84.02,6.671764705882353
2010,9,40.52647058823529,7.44,38.48,2.6029411764705883,3.5352941176470587,241.62352941176474,239.25941176470587,13.856470588235295,0.35352941176470587,48.54764705882353,0.43117647058823527,0.25411764705882356,0.4294117647058823,7.7558823529411764,83.90529411764706,7.432352941176471
2010,10,53.04117647058824,2.05,33.04,2.6017647058823528,3.5811764705882356,297.1058823529412,294.6976470588235,12.044117647058824,0.27176470588235296,33.4735294117647,0.44176470588235295,0.3458823529411765,0.4411764705882353,17.369999999999997,83.6635294117647,6.185882352941176
2010,11,51.82764705882352,-0.14,25.55,2.6094117647058823,3.695294117647059,291.2664705882353,289.74764705882353,9.617058823529412,0.18176470588235294,25.76764705882353,0.43823529411764706,0.3317647058823529,0.4364705882352941,25.746470588235294,83.54470588235294,4.643529411764706
2010,12,59.057647058823534,-3.07,23.0,2.9323529411764704,4.262941176470588,230.86823529411765,232.17823529411763,7.709411764705883,0.1335294117647059,43.1064705882353,0.4735294117647059,0.4476470588235294,0.4747058823529412,16.74823529411765,83.53058823529412,4.434705882352941
2011,1,52.42176470588235,-4.86,20.87,2.084705882352941,3.0564705882352943,255.52882352941174,256.37470588235294,8.891176470588235,0.1535294117647059,28.951176470588237,0.4729411764705882,0.42176470588235293,0.4747058823529412,19.234117647058824,83.68470588235293,3.5158823529411762
2011,2,47.089999999999996,-6.99,26.77,2.4382352941176473,3.504705882352941,322.58411764705886,321.6758823529412,11.844117647058823,0.2235294117647059,20.68235294117647,0.48294117647058826,0.4335294117647059,0.4876470588235295,5.894117647058824,83.90294117647058,3.087058823529412
2011,3,52.99588235294118,-6.56,27.59,2.614117647058823,3.7270588235294118,227.14176470588234,226.37529411764706,13.75,0.29411764705882354,33.26529411764706,0.5164705882352941,0.49117647058823527,0.5235294117647059,71.03470588235294,83.44764705882353,3.9458823529411764
2011,4,51.00705882352941,-1.19,30.3,2.916470588235294,4.088235294117647,238.47411764705882,238.87,16.057647058823527,0.3905882352941176,36.45470588235294,0.5152941176470588,0.4994117647058824,0.5217647058823529,41.25764705882353,83.44647058823529,5.442941176470589
2011,5,55.92058823529412,-0.85,32.62,2.7335294117647058,3.822352941176471,210.1058823529412,211.93058823529412,15.49235294117647,0.4088235294117647,56.99588235294118,0.53,0.5223529411764706,0.541764705882353,60.177058823529414,83.71705882352941,7.1917647058823535
2011,6,41.216470588235296,5.12,38.48,2.557058823529412,3.5229411764705882,82.10117647058824,163.2605882352941,18.67823529411765,0.5041176470588236,37.45411764705882,0.4782352941176471,0.41470588235294115,0.48176470588235293,2.7905882352941176,83.90705882352941,7.235294117647059
2011,7,24.937058823529412,10.23,41.65,2.796470588235294,3.8247058823529407,309.20647058823533,294.54470588235296,18.751176470588234,0.5170588235294118,27.15352941176471,0.42764705882352944,0.17529411764705882,0.42294117647058826,0.0,83.82882352941178,5.398823529411764
2011,8,26.279411764705884,14.27,40.81,2.744705882352941,3.7358823529411764,176.14176470588234,179.5529411764706,15.61470588235294,0.4223529411764706,51.26823529411765,0.42705882352941177,0.18411764705882352,0.4235294117647059,5.891176470588235,83.97176470588235,6.158823529411765
2011,9,28.335882352941177,7.29,38.4,2.7058823529411766,3.7211764705882358,272.2288235294118,265.88176470588235,15.707647058823527,0.39999999999999997,21.08529411764706,0.42705882352941177,0.17823529411764708,0.4223529411764706,0.0,83.94882352941175,4.913529411764706
2011,10,44.66470588235294,0.2,33.82,1.9235294117647062,2.6911764705882355,254.9123529411765,252.21470588235292,11.69,0.2635294117647059,40.13117647058824,0.4358823529411765,0.25176470588235295,0.4329411764705883,20.78411764705882,83.95176470588235,5.413529411764706
2011,11,60.9470588235294,-3.2,26.47,2.7529411764705882,3.8758823529411766,280.86058823529413,279.39235294117645,8.850588235294119,0.1635294117647059,41.161764705882355,0.48176470588235293,0.4641176470588235,0.48588235294117643,48.70176470588235,83.70117647058824,4.75764705882353
2011,12,49.798235294117646,-4.55,24.9,1.6241176470588234,2.434705882352941,141.3070588235294,160.36941176470586,8.452941176470588,0.1335294117647059,16.86235294117647,0.49411764705882355,0.45941176470588235,0.4970588235294117,0.31,84.30411764705883,3.5194117647058825
2012,1,47.006470588235295,-5.97,23.2,1.9241176470588235,2.837058823529412,246.76176470588234,249.72529411764705,9.00235294117647,0.14705882352941177,25.861176470588234,0.4758823529411765,0.4082352941176471,0.47705882352941176,14.58,84.10470588235295,2.81
2012,2,46.70823529411764,-8.33,19.79,2.268823529411765,3.2923529411764707,306.23058823529414,303.12882352941176,11.52,0.2088235294117647,20.180588235294117,0.47941176470588237,0.41058823529411764,0.48058823529411765,2.17,83.7864705882353,2.550588235294118
2012,3,42.99411764705882,-2.56,26.62,2.355294117647059,3.3847058823529412,238.0129411764706,235.57,13.834117647058823,0.29352941176470587,33.551764705882356,0.4617647058823529,0.3858823529411765,0.46352941176470586,33.190588235294115,83.96117647058823,3.837647058823529
2012,4,51.72882352941176,-3.85,30.1,3.5305882352941174,4.851176470588236,320.92176470588237,319.6552941176471,16.62529411764706,0.40058823529411763,36.66235294117647,0.4982352941176471,0.47764705882352937,0.5058823529411764,35.982352941176465,83.32941176470588,4.388823529411765
2012,5,35.39176470588235,-0.1,36.48,2.9111764705882353,4.011176470588235,305.28058823529415,295.41764705882355,18.72705882352941,0.49058823529411766,38.819411764705876,0.4535294117647059,0.32941176470588235,0.4535294117647059,0.0,83.78294117647059,4.947058823529411
2012,6,28.16470588235294,10.56,39.7,2.761764705882353,3.771764705882353,82.21352941176471,89.1835294117647,19.084117647058825,0.5017647058823529,30.877647058823527,0.43058823529411766,0.16823529411764704,0.42294117647058826,0.31,83.88,5.557647058823529
2012,7,21.46294117647059,9.15,41.11,2.7411764705882353,3.706470588235294,196.14294117647057,200.72764705882352,17.992941176470588,0.4835294117647058,37.98235294117647,0.4264705882352941,0.12705882352941178,0.4211764705882353,0.0,84.01176470588236,4.9805882352941175
2012,8,23.485882352941175,12.58,40.71,2.57,3.5176470588235293,152.3905882352941,165.8670588235294,15.93470588235294,0.42705882352941177,48.73,0.4264705882352941,0.14294117647058824,0.4211764705882353,1.8599999999999999,84.19941176470587,5.544705882352941
2012,9,34.279411764705884,4.11,38.67,2.802941176470588,3.80764705882353,273.4923529411765,268.25470588235294,15.510000000000002,0.3870588235294118,22.16705882352941,0.4364705882352941,0.2123529411764706,0.43117647058823527,28.848823529411764,83.87647058823529,5.318235294117647
2012,10,54.618235294117646,0.13,31.18,2.7323529411764707,3.8323529411764707,253.61529411764707,254.03470588235294,11.50294117647059,0.2635294117647059,44.148823529411764,0.4505882352941177,0.4135294117647059,0.4511764705882353,40.948235294117644,83.70588235294117,6.452941176470588
2012,11,63.728823529411756,-5.29,29.22,3.0776470588235294,4.329411764705882,282.0241176470588,304.32588235294116,9.058235294117647,0.1758823529411765,38.66882352941177,0.5076470588235295,0.5023529411764707,0.5147058823529411,36.603529411764704,83.61176470588236,5.618235294117647
2012,12,48.6364705882353,-7.24,22.19,1.6494117647058824,2.4647058823529413,292.27941176470586,306.6370588235294,8.448823529411765,0.13705882352941176,17.44529411764706,0.5194117647058824,0.49235294117647055,0.5288235294117647,6.513529411764706,84.09647058823529,3.3523529411764708
2013,1,48.234117647058824,-5.07,23.08,2.4899999999999998,3.6023529411764708,308.34823529411767,306.305294117647,9.451176470588237,0.15823529411764706,15.623529411764707,0.49411764705882355,0.44058823529411767,0.5023529411764707,6.201764705882352,84.12588235294118,3.1194117647058826
2013,2,46.65352941176471,-4.42,25.87,2.742941176470588,3.9411764705882355,310.59117647058827,330.71294117647057,11.848235294117648,0.24352941176470586,20.861176470588234,0.48,0.40294117647058825,0.4870588235294117,7.754705882352942,83.69117647058823,3.1676470588235297
2013,3,58.42529411764706,-4.0,30.57,3.765294117647059,5.272941176470589,298.9052941176471,298.1441176470588,13.874117647058823,0.34352941176470586,41.82176470588235,0.5188235294117647,0.49764705882352944,0.5270588235294118,50.87294117647059,83.30176470588236,4.9676470588235295
2013,4,45.339999999999996,-5.22,31.98,3.1988235294117646,4.446470588235294,320.4970588235294,318.01529411764704,17.57764705882353,0.43235294117647055,26.238235294117647,0.4982352941176471,0.4341176470588235,0.5017647058823529,17.681176470588234,83.51941176470588,4.758823529411765
2013,5,41.862941176470585,-0.35,36.86,3.5823529411764703,4.882941176470588,330.6864705882353,328.96294117647057,19.262352941176474,0.5005882352941177,24.91235294117647,0.4529411764705882,0.31941176470588234,0.45294117647058824,0.6205882352941177,83.58411764705883,4.642941176470589
2013,6,27.218823529411765,4.33,39.3,2.9641176470588237,4.045294117647059,330.14,326.33235294117645,20.33529411764706,0.5335294117647059,18.57764705882353,0.4288235294117647,0.17,0.42411764705882354,0.0,83.79058823529412,4.5723529411764705
2013,7,23.54,12.49,41.11,2.9511764705882353,4.014705882352941,271.9894117647059,263.12529411764706,19.05235294117647,0.5123529411764707,24.89588235294118,0.42705882352941177,0.17941176470588235,0.42176470588235293,2.48,84.00235294117647,5.211176470588235
2013,8,25.804117647058824,10.62,41.06,2.371176470588235,3.190588235294118,162.11764705882354,164.88,17.147058823529413,0.4535294117647059,36.12235294117647,0.4264705882352941,0.1411764705882353,0.4211764705882353,1.8599999999999999,83.97470588235294,5.6776470588235295
2013,9,45.92411764705883,7.11,36.1,2.597058823529412,3.531764705882353,223.21411764705883,222.8670588235294,14.231176470588236,0.35352941176470587,39.625882352941176,0.4435294117647059,0.3341176470588235,0.4429411764705882,28.228235294117646,83.93294117647058,6.827058823529412
2013,10,36.313529411764705,3.63,33.48,2.436470588235294,3.4511764705882353,232.93058823529412,227.7670588235294,12.374705882352941,0.2788235294117647,29.528823529411767,0.42705882352941177,0.23529411764705882,0.42705882352941177,3.722352941176471,83.91882352941177,4.9282352941176475
2013,11,48.21647058823529,-5.1,27.82,2.36,3.364705882352941,322.1929411764706,320.26529411764704,9.959411764705882,0.18705882352941178,21.349999999999998,0.4341176470588235,0.2723529411764706,0.4329411764705883,8.994117647058824,83.76823529411764,4.221764705882353
2013,12,58.90823529411765,-6.42,21.99,2.1111764705882354,3.0823529411764703,149.49764705882353,165.99588235294118,7.981764705882353,0.1252941176470588,33.15470588235294,0.44705882352941173,0.38588235294117645,0.44823529411764707,8.064117647058824,84.09470588235294,3.7729411764705882
2014,1,55.85941176470588,-4.42,24.37,2.7941176470588234,3.985882352941177,314.21941176470585,313.79470588235296,8.515882352941176,0.1388235294117647,29.52176470588235,0.46529411764705886,0.4423529411764706,0.47411764705882353,48.391176470588235,83.71176470588236,3.64
2014,2,49.93117647058824,-4.64,23.39,2.605294117647059,3.7852941176470587,314.1541176470588,312.2811764705882,11.648235294117645,0.22,17.89294117647059,0.5005882352941177,0.46588235294117647,0.5047058823529412,5.894117647058824,83.78941176470589,3.4499999999999997
2014,3,47.59882352941176,-4.62,27.55,2.614705882352941,3.7123529411764706,307.3458823529412,323.9970588235294,14.184705882352942,0.3,30.88588235294118,0.48058823529411765,0.4252941176470588,0.48352941176470593,21.404117647058825,83.64647058823529,3.823529411764706
2014,4,39.010000000000005,-2.45,33.54,2.6388235294117646,3.6988235294117646,278.6923529411765,274.15470588235297,17.45823529411765,0.4335294117647059,34.17058823529412,0.4711764705882353,0.39176470588235296,0.4747058823529412,15.510588235294119,83.66470588235293,4.377058823529412
2014,5,37.088235294117645,3.48,36.87,2.8105882352941176,3.8600000000000003,323.7576470588235,315.9923529411765,18.101764705882353,0.4617647058823529,34.39764705882353,0.43941176470588234,0.2735294117647059,0.4388235294117647,0.0,83.64941176470587,5.281176470588235
2014,6,31.551176470588235,4.35,40.73,3.344705882352941,4.521764705882354,323.67294117647054,319.3982352941177,20.055882352941175,0.5305882352941176,21.35176470588235,0.42705882352941177,0.14941176470588236,0.42176470588235293,0.0,83.80411764705883,4.945882352941176
2014,7,22.878823529411765,8.08,41.19,3.167058823529412,4.288235294117647,278.53705882352943,272.24470588235295,19.39764705882353,0.5188235294117647,20.259999999999998,0.4258823529411765,0.10470588235294118,0.4211764705882353,0.0,83.91647058823528,4.81764705882353
2014,8,27.782941176470587,9.16,40.8,2.642352941176471,3.5964705882352943,205.94058823529411,207.63411764705884,17.06705882352941,0.46235294117647063,28.654705882352943,0.42705882352941177,0.18764705882352942,0.4264705882352941,12.409411764705883,83.97058823529412,6.4276470588235295
2014,9,41.17764705882353,7.48,37.47,3.103529411764706,4.255294117647059,251.47176470588238,249.01941176470586,13.898235294117647,0.35764705882352943,41.794117647058826,0.4505882352941177,0.2994117647058823,0.45235294117647057,50.56058823529412,83.92176470588234,6.535294117647059
2014,10,45.16411764705882,2.43,31.05,2.3129411764705883,3.298235294117647,188.2058823529412,191.24470588235295,11.890588235294118,0.26823529411764707,35.8735294117647,0.4588235294117647,0.4194117647058824,0.45941176470588235,4.6499999999999995,83.96176470588235,5.821176470588235
2014,11,69.4435294117647,-3.12,25.76,3.173529411764706,4.435294117647059,276.28647058823526,273.21529411764703,8.328235294117647,0.1535294117647059,47.26,0.5052941176470588,0.5094117647058823,0.5135294117647059,192.01411764705884,83.38235294117646,5.807058823529411
2014,12,70.13235294117646,-4.09,19.62,2.1258823529411766,3.144117647058824,320.84823529411767,322.36117647058825,8.296470588235294,0.13058823529411767,21.08058823529412,0.6805882352941177,0.7194117647058824,0.7058823529411765,21.093529411764706,84.1064705882353,4.498823529411765
2015,1,62.59117647058823,-5.88,22.83,2.627058823529412,3.84235294117647,141.33294117647057,158.88588235294117,8.600588235294119,0.1388235294117647,27.56764705882353,0.6464705882352941,0.6764705882352942,0.67,15.821176470588235,84.17647058823529,3.708235294117647
2015,2,62.84117647058823,-5.93,23.54,3.051764705882353,4.390588235294118,306.8629411764706,305.65705882352944,11.287647058823529,0.20529411764705885,25.35529411764706,0.6105882352941177,0.6288235294117647,0.6323529411764706,7.444117647058824,83.60000000000001,3.885294117647059
2015,3,54.93764705882353,-4.42,28.45,2.5058823529411764,3.55764705882353,332.13176470588235,330.36764705882354,14.658823529411764,0.30176470588235293,26.57764705882353,0.5629411764705883,0.5705882352941176,0.5776470588235294,29.47,83.76176470588236,4.4405882352941175
2015,4,43.83,1.24,34.07,2.726470588235294,3.8882352941176466,232.5935294117647,232.11823529411765,16.46117647058824,0.3888235294117647,30.881176470588237,0.5182352941176471,0.4829411764705882,0.5223529411764707,0.0,83.7235294117647,5.04
2015,5,34.56588235294117,4.31,36.94,2.927647058823529,4.0858823529411765,305.41588235294114,298.4105882352941,18.761176470588236,0.4758823529411765,22.92529411764706,0.44764705882352945,0.3135294117647059,0.44764705882352945,0.31,83.81705882352942,4.9799999999999995
2015,6,31.702352941176475,4.65,40.85,3.348235294117647,4.549411764705883,311.06,307.3294117647059,20.00588235294118,0.5252941176470588,22.278823529411767,0.42705882352941177,0.17411764705882352,0.4223529411764706,0.0,83.85117647058824,5.0594117647058825
2015,7,28.21117647058824,12.83,41.6,2.442941176470588,3.3176470588235296,159.52705882352942,182.79882352941175,17.568823529411766,0.47705882352941176,44.184705882352944,0.43529411764705883,0.2423529411764706,0.4335294117647059,20.783529411764704,84.08941176470589,6.4011764705882355
2015,8,33.006470588235295,10.49,40.24,2.828823529411765,3.7982352941176467,211.5841176470588,211.84941176470588,15.633529411764705,0.41705882352941176,44.086470588235294,0.42764705882352944,0.22588235294117648,0.4258823529411765,10.238235294117647,83.98470588235294,7.087647058823529
2015,9,40.40588235294118,7.76,35.96,2.3611764705882354,3.2041176470588235,278.2435294117647,262.6735294117647,14.618823529411763,0.36705882352941177,34.748823529411766,0.4358823529411765,0.1988235294117647,0.43058823529411766,47.14941176470588,83.85705882352941,6.45
2015,10,58.576470588235296,4.15,31.45,2.2347058823529413,3.1152941176470588,246.5135294117647,244.78529411764708,12.18470588235294,0.27705882352941175,39.67823529411765,0.4764705882352941,0.45294117647058824,0.48058823529411765,14.269411764705882,83.80117647058823,7.176470588235294
2015,11,47.64411764705883,-4.86,25.98,1.7388235294117647,2.5341176470588236,20.964117647058824,35.43764705882353,9.93235294117647,0.18705882352941178,15.339411764705881,0.45529411764705885,0.4188235294117647,0.45588235294117646,0.62,84.1935294117647,4.162352941176471
2015,12,47.03411764705883,-3.31,22.93,1.447058823529412,2.1676470588235297,130.1005882352941,132.01,8.028823529411765,0.13529411764705884,33.70647058823529,0.43529411764705883,0.32,0.43470588235294116,0.0,84.58411764705883,3.4976470588235293
2016,1,44.47176470588235,-3.14,24.96,1.8794117647058823,2.7894117647058825,285.9535294117647,283.1864705882353,9.208235294117648,0.16176470588235295,20.921176470588232,0.4341176470588235,0.2988235294117647,0.43,5.272941176470589,84.25529411764705,3.4158823529411766
2016,2,46.61941176470588,-7.26,28.15,3.0758823529411763,4.37764705882353,310.4111764705882,330.48764705882354,11.384117647058824,0.21882352941176472,26.16941176470588,0.4358823529411765,0.30235294117647055,0.43823529411764706,17.68235294117647,83.97529411764705,3.161764705882353
2016,3,42.53058823529412,-5.58,28.51,2.992352941176471,4.197647058823529,329.30117647058825,327.4688235294118,15.046470588235294,0.3223529411764706,20.443529411764704,0.4464705882352941,0.3723529411764706,0.44529411764705884,19.23235294117647,83.57705882352941,3.1347058823529412
2016,4,39.968823529411765,-2.39,35.14,3.14,4.343529411764706,321.6341176470588,318.7852941176471,18.194117647058825,0.45,27.764117647058825,0.43764705882352944,0.28764705882352937,0.4370588235294117,0.0,83.36058823529413,4.124705882352941
2016,5,42.36882352941176,-0.35,35.02,3.411764705882353,4.685882352941176,247.26117647058823,247.17529411764704,18.15705882352941,0.4623529411764706,34.04294117647059,0.43941176470588234,0.3341176470588236,0.4388235294117647,21.401764705882353,83.61352941176472,5.261176470588235
2016,6,27.983529411764707,6.36,38.87,2.9241176470588237,3.9847058823529418,179.63235294117646,179.96588235294118,20.67470588235294,0.5635294117647058,14.027058823529412,0.4264705882352941,0.1388235294117647,0.4211764705882353,0.0,83.80764705882353,5.0582352941176465
2016,7,25.595882352941175,11.19,41.68,2.6088235294117648,3.53,195.48529411764707,198.18764705882353,18.408823529411762,0.5135294117647059,34.551764705882356,0.4264705882352941,0.15411764705882353,0.4235294117647059,5.893529411764706,84.04352941176471,6.107647058823529
2016,8,28.96294117647059,13.57,40.8,2.46,3.3394117647058823,158.01764705882354,172.11588235294118,16.53,0.4535294117647059,41.52588235294118,0.43000000000000005,0.22058823529411764,0.4294117647058823,10.235294117647058,84.14117647058823,6.778823529411764
2016,9,35.64058823529412,6.9,37.98,2.471764705882353,3.361764705882353,244.94470588235296,235.85882352941175,13.920000000000002,0.35823529411764704,41.125882352941176,0.43058823529411766,0.22705882352941179,0.42705882352941177,7.754705882352942,84.00882352941177,6.239411764705882
2016,10,50.41882352941177,4.07,30.69,2.4311764705882353,3.417058823529412,204.59529411764706,206.54529411764705,11.300588235294116,0.2652941176470588,43.83588235294117,0.4376470588235294,0.37058823529411766,0.4370588235294117,16.13058823529412,83.85764705882353,6.464117647058823
2016,11,59.544117647058826,-4.13,24.22,2.2923529411764707,3.2823529411764705,273.7341176470588,271.09529411764703,8.925294117647057,0.1635294117647059,38.28,0.45941176470588235,0.44823529411764707,0.4617647058823529,45.90882352941176,83.68823529411765,4.7570588235294125
2016,12,68.3970588235294,-6.38,20.54,1.9676470588235295,2.8929411764705883,74.86823529411765,64.95117647058824,7.985882352941176,0.1335294117647059,28.60705882352941,0.5235294117647059,0.5176470588235295,0.5370588235294117,39.0835294117647,84.09705882352942,4.310588235294118
2017,1,54.45647058823529,-7.24,21.15,2.235294117647059,3.2823529411764705,304.16588235294114,305.6629411764706,9.094117647058823,0.15176470588235294,22.753529411764706,0.5205882352941176,0.5035294117647059,0.5294117647058824,3.7229411764705884,83.87882352941176,3.1082352941176468
2017,2,57.81235294117647,-3.88,23.67,2.2717647058823527,3.3129411764705883,255.31705882352944,245.06999999999996,11.028235294117646,0.20352941176470588,28.540588235294116,0.5305882352941176,0.5252941176470588,0.5429411764705883,46.52882352941177,83.70411764705882,4.065294117647059
2017,3,48.32470588235294,-5.75,26.8,2.508235294117647,3.565294117647059,316.8529411764706,312.3805882352941,14.915882352941177,0.33176470588235296,21.811176470588236,0.5217647058823529,0.5011764705882352,0.53,11.168235294117649,83.78235294117647,4.075294117647059
2017,4,41.97764705882353,3.3,32.86,2.2764705882352945,3.2282352941176473,252.01,246.57705882352943,16.49705882352941,0.41352941176470587,34.43294117647059,0.4694117647058823,0.4082352941176471,0.4717647058823529,2.48,83.66058823529411,5.171764705882353
2017,5,34.93176470588236,4.52,37.23,2.9417647058823526,4.077058823529412,259.64882352941174,252.41764705882355,18.57,0.4870588235294117,34.72882352941176,0.43470588235294116,0.25823529411764706,0.4335294117647059,0.31,83.67882352941176,5.42
2017,6,27.99529411764706,8.57,40.46,2.592941176470588,3.541176470588235,183.69117647058823,191.16823529411766,18.35470588235294,0.5041176470588236,36.99235294117647,0.4264705882352941,0.18941176470588236,0.42176470588235293,4.029999999999999,83.92470588235294,5.960000000000001
2017,7,18.688235294117646,12.58,42.19,2.8635294117647057,3.922941176470588,180.5705882352941,184.36235294117645,18.94058823529412,0.5252941176470588,25.038823529411765,0.4264705882352941,0.11823529411764708,0.4211764705882353,0.0,83.97411764705882,4.458235294117647
2017,8,26.94470588235294,9.69,41.77,2.501764705882353,3.3747058823529414,167.75823529411764,186.2958823529412,16.11470588235294,0.43764705882352944,39.178823529411765,0.4264705882352941,0.14294117647058824,0.4211764705882353,0.31,84.01294117647059,6.158823529411765
2017,9,26.40235294117647,8.12,39.4,2.594705882352941,3.5535294117647056,287.8735294117647,274.79764705882354,15.153529411764707,0.3870588235294118,26.506470588235295,0.4264705882352941,0.16058823529411764,0.42176470588235293,4.34,84.02882352941177,4.824705882352941
2017,10,38.76647058823529,3.98,31.53,1.7576470588235293,2.4694117647058826,181.30823529411762,189.01941176470586,11.959411764705882,0.26823529411764707,33.472941176470584,0.43176470588235294,0.27999999999999997,0.43058823529411766,8.994117647058824,84.23235294117647,5.5452941176470585
2017,11,27.331764705882353,-1.17,26.85,1.8641176470588237,2.7270588235294118,246.94176470588238,248.4617647058824,9.583529411764705,0.17176470588235293,29.885882352941177,0.4264705882352941,0.1735294117647059,0.42176470588235293,11.16764705882353,83.93823529411765,2.701764705882353
2017,12,50.00411764705883,-4.21,22.37,1.8229411764705883,2.7023529411764704,60.78764705882354,57.69941176470588,8.431176470588234,0.12352941176470589,16.46294117647059,0.44588235294117645,0.39999999999999997,0.4488235294117647,9.304705882352941,84.16647058823528,3.1870588235294117
2018,1,55.99941176470588,-7.1,21.73,2.623333333333333,3.795833333333333,123.36083333333332,123.25166666666668,8.292352941176471,0.1241176470588235,30.03882352941176,0.4676470588235294,0.4435294117647059,0.4694117647058823,675.02,83.64941176470587,3.296470588235294
2018,2,60.22235294117647,-9.89,21.15,2.535,3.6266666666666665,306.1616666666667,305.0883333333333,10.851176470588236,0.19,30.61647058823529,0.4994117647058824,0.4929411764705882,0.5047058823529412,458.77,83.02529411764706,3.611176470588235
2018,3,57.075294117647054,-6.01,26.76,4.221666666666667,5.8566666666666665,317.3325,316.67333333333335,14.864117647058825,0.3258823529411764,27.71764705882353,0.501764705882353,0.4723529411764705,0.5088235294117647,300.59000000000003,83.22058823529412,4.574117647058823
2018,4,48.93882352941176,-3.26,28.75,3.6833333333333336,5.072500000000001,315.9191666666666,314.99583333333334,16.64,0.3923529411764705,32.25941176470588,0.4705882352941176,0.398235294117647,0.4776470588235295,142.38,83.10235294117648,4.5588235294117645
2018,5,48.43588235294118,-1.21,32.44,3.046666666666667,4.1275,324.1608333333333,320.1508333333333,18.37470588235294,0.4505882352941177,28.83,0.4576470588235294,0.361764705882353,0.46,237.29,83.09882352941177,5.557058823529411
2018,6,38.10764705882352,6.28,37.25,3.1641666666666666,4.243333333333333,331.56916666666666,327.595,20.80647058823529,0.5547058823529412,14.844117647058823,0.438235294117647,0.2152941176470588,0.4329411764705883,0.0,83.37764705882353,5.799411764705883
2018,7,19.65,10.35,39.99,2.9258333333333333,4.006666666666667,262.70666666666665,258.62583333333333,18.031176470588235,0.5023529411764706,36.48941176470588,0.4288235294117647,0.1076470588235294,0.4235294117647059,0.0,83.73411764705882,4.802352941176471
2018,8,34.438235294117646,12.47,38.83,2.625833333333333,3.5583333333333336,159.255,169.86916666666667,16.58294117647059,0.4523529411764706,38.245294117647056,0.4341176470588235,0.27,0.4329411764705883,337.51,83.68882352941176,7.325294117647059
2018,9,50.11764705882353,8.37,35.73,2.1375,2.938333333333333,174.9125,178.83416666666668,13.24705882352941,0.3376470588235294,51.07,0.4488235294117647,0.3658823529411764,0.4511764705882353,669.6999999999999,83.77,8.00235294117647
2018,10,58.37882352941177,-2.74,28.89,2.715,3.7691666666666666,297.22,295.12166666666667,11.717647058823529,0.2664705882352941,37.44176470588235,0.4652941176470588,0.4205882352941176,0.4635294117647058,627.53,83.41823529411765,6.595294117647059
2018,11,64.00529411764705,-2.75,23.44,2.188333333333333,3.1341666666666668,293.5058333333333,289.9266666666667,9.301176470588237,0.188235294117647,32.82,0.5094117647058823,0.4976470588235294,0.5123529411764707,748.8,83.38411764705882,5.14764705882353
2018,12,45.78705882352941,-4.37,23.44,1.5191666666666668,2.2516666666666665,78.6125,78.88166666666666,8.731764705882354,0.1541176470588235,12.63529411764706,0.5164705882352942,0.4994117647058824,0.5241176470588236,0.0,84.05941176470589,3.668235294117647
2019,1,46.45176470588235,-6.18,22.57,1.9608333333333332,2.89,313.6408333333333,313.07416666666666,9.59470588235294,0.1658823529411764,12.647058823529411,0.4870588235294117,0.4558823529411764,0.4929411764705882,0.0,83.61470588235295,2.87
2019,2,38.49470588235294,-4.56,23.38,2.1041666666666665,3.0383333333333336,49.29333333333333,79.38250000000001,11.688823529411764,0.2341176470588235,18.245882352941177,0.4682352941176471,0.4088235294117647,0.4688235294117647,168.72,83.82411764705883,2.783529411764706
2019,3,43.81470588235294,-2.99,25.49,2.5083333333333333,3.578333333333333,173.155,185.4675,13.984117647058824,0.3241176470588235,30.349411764705884,0.4541176470588235,0.3752941176470588,0.4535294117647059,564.26,83.54411764705883,3.858823529411764
2019,4,49.59941176470589,-4.52,29.71,3.1166666666666667,4.348333333333334,312.52500000000003,309.97083333333336,16.843529411764706,0.4058823529411764,35.680588235294124,0.4741176470588235,0.4229411764705882,0.4788235294117647,200.39,83.14117647058823,4.632352941176471
2019,5,31.18588235294117,3.87,35.85,2.529166666666667,3.526666666666667,311.0108333333333,298.21583333333336,19.249411764705883,0.49,23.77647058823529,0.4441176470588235,0.2770588235294117,0.4423529411764705,126.55,83.37352941176471,4.803529411764706
2019,6,29.5,6.19,36.94,2.7541666666666664,3.7225,295.44416666666666,284.4975,20.87470588235294,0.5770588235294117,14.310588235294118,0.4329411764705883,0.2241176470588235,0.4311764705882352,100.18,83.42647058823529,5.04764705882353
2019,7,22.358823529411765,11.46,39.21,3.1166666666666667,4.229166666666667,227.12583333333336,225.1483333333333,19.221176470588237,0.5341176470588236,23.22941176470588,0.4294117647058823,0.1270588235294117,0.4241176470588235,57.99,83.5564705882353,4.992941176470588
2019,8,26.725294117647056,13.94,39.52,2.4841666666666664,3.3433333333333337,222.4858333333333,220.09416666666667,16.148823529411768,0.4541176470588235,47.72176470588235,0.43,0.1647058823529411,0.4252941176470588,163.45,83.75411764705882,6.3629411764705885
2019,9,31.24823529411765,7.07,35.31,2.54,3.49,253.335,247.80083333333332,15.428823529411764,0.3964705882352941,28.093529411764703,0.4341176470588235,0.2241176470588235,0.43,10.55,83.72294117647058,5.504705882352941
2019,10,36.30352941176472,-0.91,34.92,2.245,3.1958333333333333,307.2908333333333,298.76,12.615882352941176,0.2882352941176471,24.36588235294117,0.4370588235294118,0.2294117647058823,0.4352941176470588,200.37,83.6835294117647,4.707058823529412
2019,11,50.82470588235294,-3.69,28.08,2.7558333333333334,3.88,334.52833333333336,333.77500000000003,9.817058823529411,0.1741176470588235,27.472941176470588,0.4358823529411765,0.258235294117647,0.4341176470588235,26.37,83.45,4.445294117647059
2019,12,54.30882352941177,-3.84,23.86,2.1841666666666666,3.1833333333333336,312.11,309.3641666666667,8.055882352941175,0.1158823529411764,30.27588235294118,0.4652941176470588,0.4458823529411764,0.4658823529411764,574.78,83.66588235294117,3.98
2020,1,48.64764705882353,-5.25,22.54,1.6849999999999998,2.5158333333333336,311.87916666666666,309.90833333333336,9.141176470588237,0.138235294117647,17.86176470588235,0.4588235294117647,0.4217647058823529,0.4594117647058823,142.37,83.84823529411766,2.9800000000000004
2020,2,33.618235294117646,-1.95,25.94,1.7816666666666665,2.645,137.9125,147.665,11.832941176470587,0.2282352941176471,20.70705882352941,0.4423529411764705,0.328235294117647,0.4423529411764705,0.0,84.07882352941176,2.969411764705882
2020,3,48.532941176470594,-4.12,30.0,2.6675,3.744166666666666,337.5825,334.98833333333334,13.882352941176473,0.2941176470588235,31.102941176470587,0.4794117647058823,0.3976470588235294,0.4811764705882352,1302.54,83.26058823529412,4.115882352941177
2020,4,52.805294117647065,-1.38,29.12,3.1958333333333333,4.415833333333333,302.3908333333333,299.55583333333334,16.752352941176472,0.4041176470588235,38.56235294117647,0.5041176470588236,0.4688235294117647,0.5082352941176471,321.67,83.2270588235294,5.422941176470588
2020,5,40.77294117647059,-0.56,33.57,2.9133333333333336,4.045833333333333,274.68666666666667,271.74916666666667,18.499411764705883,0.47,32.054117647058824,0.4723529411764705,0.3852941176470588,0.4717647058823529,174.03,83.50823529411765,5.582352941176471
2020,6,34.075294117647054,4.58,38.11,3.5066666666666664,4.756666666666667,291.8541666666667,289.6816666666667,19.88823529411765,0.5547058823529412,22.929411764705883,0.44,0.2270588235294117,0.4376470588235294,0.0,83.57823529411765,5.378235294117647
2020,7,26.544117647058822,15.43,39.8,2.535,3.4433333333333334,230.41666666666663,204.00666666666663,17.751764705882355,0.5158823529411765,43.81294117647059,0.4405882352941176,0.2323529411764706,0.4394117647058823,474.58,83.75117647058823,6.508235294117647
2020,8,27.245882352941177,12.34,39.27,2.6391666666666667,3.5658333333333334,235.57666666666668,228.875,16.410588235294117,0.4676470588235294,39.989411764705885,0.4335294117647059,0.1958823529411764,0.4247058823529411,52.71,83.67117647058824,6.593529411764706
2020,9,33.61764705882353,9.87,36.32,2.7875,3.829166666666667,284.4741666666667,274.66333333333336,14.86470588235294,0.388235294117647,30.65705882352941,0.43,0.2158823529411764,0.4294117647058823,73.78,83.74176470588235,6.369999999999999
2020,10,40.875882352941176,0.73,32.98,2.353333333333333,3.3158333333333334,307.3483333333333,296.38916666666665,12.468235294117648,0.2864705882352941,25.61764705882353,0.4429411764705882,0.2694117647058823,0.44,421.88,83.69117647058823,5.039411764705882
2020,11,58.21764705882353,-4.53,25.35,2.0625,2.919166666666667,209.2733333333333,209.18416666666667,8.899999999999999,0.16,38.12882352941177,0.4564705882352941,0.4435294117647059,0.4617647058823529,706.6,83.72117647058823,5.388235294117647
2020,12,63.07117647058824,-5.2,24.92,2.2416666666666667,3.2983333333333333,309.44083333333333,307.6308333333333,8.437058823529412,0.1258823529411764,15.864117647058825,0.4994117647058824,0.4764705882352941,0.5029411764705882,179.31,83.48411764705882,4.310588235294118
2021,1,59.07882352941176,-9.18,23.78,2.46,3.59,306.8775,302.5225,8.90764705882353,0.1458823529411764,26.013529411764708,0.5258823529411765,0.5158823529411765,0.5323529411764706,754.11,83.54529411764706,4.0329411764705885
2021,2,53.81,-5.73,24.51,2.330833333333333,3.3866666666666667,154.265,264.425,10.85,0.2041176470588235,29.914117647058823,0.5170588235294117,0.4982352941176471,0.5241176470588236,643.37,83.50588235294117,3.881764705882353
2021,3,54.9964705882353,-4.99,26.2,2.853333333333333,4.03,262.76666666666665,255.6508333333333,13.571176470588236,0.2876470588235293,37.27,0.5458823529411765,0.5329411764705883,0.5541176470588235,527.3299999999999,83.3905882352941,4.288823529411765
2021,4,50.26176470588236,0.58,29.23,3.061666666666667,4.2675,313.64833333333337,309.9533333333333,17.11,0.4064705882352941,31.45705882352941,0.4876470588235294,0.4358823529411765,0.4941176470588235,54.35,83.09117647058824,5.374705882352941
2021,5,38.56705882352941,-1.38,35.84,2.8666666666666667,3.9875,202.1625,203.5775,17.081176470588236,0.4405882352941176,42.881764705882354,0.4452941176470588,0.3294117647058823,0.4447058823529412,157.41,83.44529411764705,5.725882352941177
2021,6,34.10176470588235,7.06,37.9,3.1075,4.251666666666667,288.9483333333333,285.485,19.11470588235294,0.5164705882352942,29.984117647058824,0.43,0.2005882352941176,0.4270588235294117,45.67,83.54352941176471,5.739411764705882
2021,7,20.139411764705883,12.98,40.55,2.93,4.0008333333333335,197.56916666666663,203.23416666666665,17.302941176470586,0.478235294117647,37.07235294117647,0.4288235294117647,0.1070588235294117,0.4235294117647059,3.19,83.74352941176471,5.104705882352941
2021,8,22.05529411764706,12.12,39.94,2.8475,3.8791666666666655,201.67166666666665,202.5091666666667,17.603529411764704,0.48,22.00941176470588,0.4258823529411765,0.0870588235294117,0.4229411764705882,1.12,83.64588235294117,4.839411764705882
2021,9,32.764117647058825,9.1,37.77,2.61,3.5691666666666664,267.2758333333333,261.7758333333333,14.81764705882353,0.3823529411764705,29.209411764705884,0.4364705882352941,0.2029411764705882,0.4347058823529412,401.06,83.70823529411764,5.845882352941176
2021,10,32.777058823529416,5.62,33.93,2.0383333333333336,2.911666666666666,259.5575,235.9033333333333,12.549411764705882,0.2741176470588235,17.05,0.4364705882352941,0.2047058823529411,0.4288235294117647,29.28,83.68470588235293,4.410588235294118
2021,11,50.95,-3.93,28.49,2.561666666666667,3.633333333333333,314.1066666666666,341.6408333333333,9.401176470588236,0.1641176470588235,27.537647058823527,0.4405882352941176,0.2852941176470588,0.4352941176470588,291.44,83.31470588235295,3.870000000000001
2021,12,56.81823529411764,-5.93,22.34,2.0825,3.103333333333333,204.4391666666667,205.99,8.012352941176472,0.118235294117647,28.81647058823529,0.448235294117647,0.4223529411764706,0.4476470588235294,251.06,83.7735294117647,4.108235294117647
2022,1,54.83058823529412,-3.49,22.19,2.106666666666667,3.03,124.41583333333334,126.105,8.200588235294118,0.128235294117647,35.40176470588235,0.4611764705882353,0.43,0.4629411764705882,544.02,83.84529411764707,3.6217647058823528
2022,2,53.415882352941175,-2.49,22.62,2.035833333333333,3.015,130.95083333333335,137.99583333333334,9.93,0.1776470588235294,43.60058823529412,0.4682352941176471,0.4447058823529412,0.4723529411764705,198.03,83.77117647058824,4.214117647058823
2022,3,56.42941176470588,-4.82,24.76,3.0083333333333333,4.239166666666667,293.8275,292.48,13.726470588235294,0.2876470588235293,37.73117647058824,0.4729411764705882,0.4582352941176471,0.4770588235294117,647.85,83.10352941176471,4.229411764705882
2022,4,49.14882352941176,-4.1,27.58,3.0483333333333333,4.239166666666667,323.6508333333333,321.41416666666663,17.646470588235296,0.4088235294117646,27.708823529411767,0.5270588235294118,0.5135294117647059,0.5376470588235295,1161.05,83.07882352941176,4.619411764705882
2022,5,34.79058823529412,0.47,35.27,3.0341666666666662,4.295833333333333,230.69000000000003,230.97,18.47058823529412,0.4582352941176471,29.61647058823529,0.4611764705882353,0.3641176470588235,0.4623529411764706,52.88,83.57882352941176,4.935882352941176
2022,6,29.87705882352941,7.76,38.58,2.939166666666667,4.029166666666667,214.1975,214.045,18.36294117647059,0.5147058823529411,36.70529411764706,0.4341176470588235,0.2058823529411764,0.4270588235294117,72.89,83.58352941176472,5.679411764705883
2022,7,22.98588235294117,11.48,39.84,2.5458333333333334,3.48,145.85166666666666,155.15583333333333,17.743529411764708,0.5017647058823529,43.90882352941176,0.43,0.1588235294117647,0.4241176470588235,77.34,83.83705882352942,5.755882352941176
2022,8,24.279411764705884,13.16,39.78,2.7175,3.6875,214.40916666666664,213.68666666666664,16.050588235294114,0.4517647058823529,45.057647058823534,0.4294117647058823,0.118235294117647,0.4235294117647059,46.32,83.64941176470587,5.964117647058823
2022,9,38.974705882352936,5.51,37.31,2.813333333333333,3.783333333333333,270.0358333333333,263.8483333333333,14.221764705882354,0.368235294117647,36.3235294117647,0.43,0.1935294117647059,0.4241176470588235,158.93,83.53235294117647,6.657058823529412
2022,10,40.498823529411766,4.37,30.4,2.4341666666666666,3.499166666666667,146.455,148.05416666666667,11.219411764705884,0.2582352941176471,36.97941176470589,0.448235294117647,0.361764705882353,0.4458823529411764,436.26,83.8564705882353,5.51235294117647
2022,11,35.26470588235294,0.98,26.03,1.6858333333333333,2.4791666666666665,286.11583333333334,282.59666666666664,9.772941176470589,0.1958823529411764,19.311176470588236,0.4376470588235294,0.2570588235294118,0.4341176470588235,26.9,83.88294117647058,3.777647058823529
2022,12,61.07058823529412,-2.25,22.97,2.3325,3.3966666666666665,269.7033333333333,269.1558333333333,7.753529411764706,0.1258823529411764,33.04058823529412,0.4588235294117647,0.4188235294117647,0.4611764705882353,497.06,83.62411764705882,4.974117647058824
