Date,RH2M_L6,TMIN_L6,TMAX_L12,WS2M_L2,WD2M_L5,UVB_L1,CLOUD_AMT_L12,SOIL_W_L6,PRECT_TOTAL,SURFACE_P_L9,Cases_L1,Cases_L2,Cases_L3,Cases_L4,Cases_L5,Cases_L6,Cases_L7,Cases_L8,Cases_L9,Cases_L10,Cases_L11,Cases_L12,RH2M,WS2M,WD2M,CLOUD_AMT,SOIL_W,SURFACE_P,SH2M
2011-01-01,25.254117647058823,12.23,25.55,2.6094117647058823,202.0517647058824,0.1335294117647059,36.21764705882353,0.1758823529411765,19.234117647058824,83.46411764705881,57.0,27.0,16.0,7.0,4.0,4.0,10.0,17.0,20.0,48.0,54.0,71.0,52.42176470588235,2.084705882352941,256.37470588235294,28.95117647058824,0.4217647058823529,83.68470588235293,3.515882352941176
2011-02-01,29.61588235294117,7.79,26.46,2.9323529411764704,239.25941176470587,0.1535294117647059,54.17058823529412,0.2558823529411764,5.894117647058824,83.56411764705882,63.0,57.0,27.0,16.0,7.0,4.0,4.0,10.0,17.0,20.0,48.0,54.0,47.09,2.4382352941176477,321.6758823529412,20.68235294117647,0.4335294117647059,83.90294117647058,3.087058823529412
2011-03-01,40.52647058823529,7.44,29.61,2.084705882352941,294.6976470588235,0.2235294117647059,42.922941176470594,0.2541176470588235,71.03470588235294,83.62058823529412,48.0,63.0,57.0,27.0,16.0,7.0,4.0,4.0,10.0,17.0,20.0,48.0,52.99588235294118,2.614117647058823,226.37529411764703,33.26529411764706,0.4911764705882352,83.44764705882353,3.945882352941176
2011-04-01,53.04117647058824,2.05,32.36,2.438235294117648,289.7476470588236,0.2941176470588235,47.584705882352935,0.3458823529411765,41.25764705882353,83.97294117647058,42.0,48.0,63.0,57.0,27.0,16.0,7.0,4.0,4.0,10.0,17.0,20.0,51.00705882352941,2.916470588235294,238.87,36.45470588235294,0.4994117647058824,83.44647058823529,5.442941176470589
2011-05-01,51.82764705882352,-0.14,34.27,2.614117647058823,232.17823529411763,0.3905882352941176,32.67235294117647,0.3317647058823529,60.17705882352941,84.02,17.0,42.0,48.0,63.0,57.0,27.0,16.0,7.0,4.0,4.0,10.0,17.0,55.92058823529412,2.7335294117647058,211.93058823529407,56.99588235294118,0.5223529411764706,83.71705882352941,7.1917647058823535
2011-06-01,59.057647058823534,-3.07,39.9,2.916470588235294,256.37470588235294,0.4088235294117647,14.901176470588236,0.4476470588235294,2.7905882352941176,83.90529411764706,15.0,17.0,42.0,48.0,63.0,57.0,27.0,16.0,7.0,4.0,4.0,10.0,41.216470588235296,2.557058823529412,163.2605882352941,37.45411764705882,0.4147058823529411,83.90705882352941,7.235294117647059
2011-07-01,52.42176470588235,-4.86,41.69,2.7335294117647058,321.6758823529412,0.5041176470588236,43.25705882352941,0.4217647058823529,0.0,83.6635294117647,8.0,15.0,17.0,42.0,48.0,63.0,57.0,27.0,16.0,7.0,4.0,4.0,24.93705882352941,2.796470588235294,294.54470588235296,27.15352941176471,0.1752941176470588,83.82882352941178,5.398823529411764
2011-08-01,47.09,-6.99,41.26,2.557058823529412,226.37529411764703,0.5170588235294118,41.83176470588235,0.4335294117647059,5.891176470588235,83.54470588235294,3.0,8.0,15.0,17.0,42.0,48.0,63.0,57.0,27.0,16.0,7.0,4.0,26.279411764705884,2.744705882352941,179.5529411764706,51.26823529411765,0.1841176470588235,83.97176470588235,6.158823529411765
2011-09-01,52.99588235294118,-6.56,38.48,2.796470588235294,238.87,0.4223529411764706,48.54764705882353,0.4911764705882352,0.0,83.53058823529412,3.0,3.0,8.0,15.0,17.0,42.0,48.0,63.0,57.0,27.0,16.0,7.0,28.335882352941177,2.7058823529411766,265.88176470588235,21.08529411764706,0.178235294117647,83.94882352941175,4.913529411764706
2011-10-01,51.00705882352941,-1.19,33.04,2.744705882352941,211.93058823529407,0.3999999999999999,33.4735294117647,0.4994117647058824,20.78411764705882,83.68470588235293,6.0,3.0,3.0,8.0,15.0,17.0,42.0,48.0,63.0,57.0,27.0,16.0,44.66470588235294,1.9235294117647064,252.2147058823529,40.13117647058824,0.2517647058823529,83.95176470588235,5.413529411764706
2011-11-01,55.92058823529412,-0.85,25.55,2.7058823529411766,163.2605882352941,0.2635294117647059,25.76764705882353,0.5223529411764706,48.70176470588235,83.90294117647058,14.0,6.0,3.0,3.0,8.0,15.0,17.0,42.0,48.0,63.0,57.0,27.0,60.9470588235294,2.752941176470588,279.39235294117645,41.16176470588236,0.4641176470588235,83.70117647058824,4.75764705882353
2011-12-01,41.216470588235296,5.12,23.0,1.9235294117647064,294.54470588235296,0.1635294117647059,43.1064705882353,0.4147058823529411,0.31,83.44764705882353,24.0,14.0,6.0,3.0,3.0,8.0,15.0,17.0,42.0,48.0,63.0,57.0,49.798235294117646,1.6241176470588234,160.36941176470586,16.86235294117647,0.4594117647058823,84.30411764705883,3.5194117647058825
2012-01-01,24.93705882352941,10.23,20.87,2.752941176470588,179.5529411764706,0.1335294117647059,28.95117647058824,0.1752941176470588,14.58,83.44647058823529,50.0,24.0,14.0,6.0,3.0,3.0,8.0,15.0,17.0,42.0,48.0,63.0,47.006470588235295,1.9241176470588237,249.72529411764705,25.861176470588237,0.4082352941176471,84.10470588235295,2.81
2012-02-01,26.279411764705884,14.27,26.77,1.6241176470588234,265.88176470588235,0.1470588235294117,20.68235294117647,0.1841176470588235,2.17,83.71705882352941,28.0,50.0,24.0,14.0,6.0,3.0,3.0,8.0,15.0,17.0,42.0,48.0,46.70823529411764,2.268823529411765,303.12882352941176,20.18058823529412,0.4105882352941176,83.7864705882353,2.550588235294118
2012-03-01,28.335882352941177,7.29,27.59,1.924117647058824,252.2147058823529,0.2088235294117647,33.26529411764706,0.178235294117647,33.190588235294115,83.90705882352941,21.0,28.0,50.0,24.0,14.0,6.0,3.0,3.0,8.0,15.0,17.0,42.0,42.99411764705882,2.355294117647059,235.57,33.55176470588236,0.3858823529411765,83.96117647058823,3.837647058823529
2012-04-01,44.66470588235294,0.2,30.3,2.268823529411765,279.39235294117645,0.2935294117647058,36.45470588235294,0.2517647058823529,35.982352941176465,83.82882352941178,19.0,21.0,28.0,50.0,24.0,14.0,6.0,3.0,3.0,8.0,15.0,17.0,51.72882352941176,3.5305882352941174,319.6552941176471,36.66235294117647,0.4776470588235293,83.32941176470588,4.388823529411765
2012-05-01,60.9470588235294,-3.2,32.62,2.355294117647059,160.36941176470586,0.4005882352941176,56.99588235294118,0.4641176470588235,0.0,83.97176470588235,7.0,19.0,21.0,28.0,50.0,24.0,14.0,6.0,3.0,3.0,8.0,15.0,35.39176470588235,2.9111764705882357,295.41764705882355,38.81941176470588,0.3294117647058823,83.78294117647059,4.947058823529411
2012-06-01,49.798235294117646,-4.55,38.48,3.5305882352941174,249.72529411764705,0.4905882352941176,37.45411764705882,0.4594117647058823,0.31,83.94882352941175,7.0,7.0,19.0,21.0,28.0,50.0,24.0,14.0,6.0,3.0,3.0,8.0,28.16470588235294,2.761764705882353,89.1835294117647,30.877647058823527,0.168235294117647,83.88,5.557647058823529
2012-07-01,47.006470588235295,-5.97,41.65,2.911176470588236,303.12882352941176,0.5017647058823529,27.15352941176471,0.4082352941176471,0.0,83.95176470588235,3.0,7.0,7.0,19.0,21.0,28.0,50.0,24.0,14.0,6.0,3.0,3.0,21.46294117647059,2.7411764705882358,200.72764705882352,37.98235294117647,0.1270588235294117,84.01176470588236,4.9805882352941175
2012-08-01,46.70823529411764,-8.33,40.81,2.761764705882353,235.57,0.4835294117647058,51.26823529411765,0.4105882352941176,1.86,83.70117647058824,2.0,3.0,7.0,7.0,19.0,21.0,28.0,50.0,24.0,14.0,6.0,3.0,23.48588235294117,2.57,165.8670588235294,48.73,0.1429411764705882,84.19941176470587,5.544705882352941
2012-09-01,42.99411764705882,-2.56,38.4,2.741176470588236,319.6552941176471,0.4270588235294117,21.08529411764706,0.3858823529411765,28.848823529411764,84.30411764705883,2.0,2.0,3.0,7.0,7.0,19.0,21.0,28.0,50.0,24.0,14.0,6.0,34.279411764705884,2.802941176470588,268.25470588235294,22.16705882352941,0.2123529411764706,83.87647058823529,5.318235294117647
2012-10-01,51.72882352941176,-3.85,33.82,2.57,295.41764705882355,0.3870588235294118,40.13117647058824,0.4776470588235293,40.94823529411765,84.10470588235295,3.0,2.0,2.0,3.0,7.0,7.0,19.0,21.0,28.0,50.0,24.0,14.0,54.618235294117646,2.7323529411764707,254.0347058823529,44.14882352941176,0.4135294117647059,83.70588235294117,6.452941176470588
2012-11-01,35.39176470588235,-0.1,26.47,2.802941176470588,89.1835294117647,0.2635294117647059,41.16176470588236,0.3294117647058823,36.603529411764704,83.7864705882353,6.0,3.0,2.0,2.0,3.0,7.0,7.0,19.0,21.0,28.0,50.0,24.0,63.72882352941176,3.0776470588235294,304.3258823529412,38.66882352941177,0.5023529411764707,83.61176470588236,5.618235294117647
2012-12-01,28.16470588235294,10.56,24.9,2.7323529411764707,200.72764705882352,0.1758823529411765,16.86235294117647,0.168235294117647,6.513529411764706,83.96117647058823,11.0,6.0,3.0,2.0,2.0,3.0,7.0,7.0,19.0,21.0,28.0,50.0,48.6364705882353,1.6494117647058824,306.6370588235294,17.44529411764706,0.4923529411764705,84.09647058823529,3.3523529411764708
2013-01-01,21.46294117647059,9.15,23.2,3.0776470588235294,165.8670588235294,0.1370588235294117,25.86117647058824,0.1270588235294117,6.201764705882352,83.32941176470588,21.0,11.0,6.0,3.0,2.0,2.0,3.0,7.0,7.0,19.0,21.0,28.0,48.23411764705882,2.49,306.305294117647,15.623529411764707,0.4405882352941176,84.12588235294118,3.1194117647058826
2013-02-01,23.48588235294117,12.58,19.79,1.6494117647058824,268.25470588235294,0.158235294117647,20.18058823529412,0.1429411764705882,7.754705882352942,83.78294117647059,19.0,21.0,11.0,6.0,3.0,2.0,2.0,3.0,7.0,7.0,19.0,21.0,46.65352941176471,2.742941176470588,330.71294117647057,20.861176470588237,0.4029411764705882,83.69117647058823,3.1676470588235297
2013-03-01,34.279411764705884,4.11,26.62,2.49,254.0347058823529,0.2435294117647058,33.55176470588236,0.2123529411764706,50.87294117647059,83.88,14.0,19.0,21.0,11.0,6.0,3.0,2.0,2.0,3.0,7.0,7.0,19.0,58.42529411764706,3.765294117647059,298.1441176470588,41.82176470588235,0.4976470588235294,83.30176470588236,4.9676470588235295
2013-04-01,54.618235294117646,0.13,30.1,2.742941176470588,304.3258823529412,0.3435294117647058,36.66235294117647,0.4135294117647059,17.681176470588234,84.01176470588236,13.0,14.0,19.0,21.0,11.0,6.0,3.0,2.0,2.0,3.0,7.0,7.0,45.34,3.1988235294117646,318.01529411764704,26.238235294117647,0.4341176470588235,83.51941176470588,4.758823529411765
2013-05-01,63.72882352941176,-5.29,36.48,3.765294117647059,306.6370588235294,0.4323529411764705,38.81941176470588,0.5023529411764707,0.6205882352941177,84.19941176470587,5.0,13.0,14.0,19.0,21.0,11.0,6.0,3.0,2.0,2.0,3.0,7.0,41.862941176470585,3.5823529411764703,328.96294117647057,24.91235294117647,0.3194117647058823,83.58411764705883,4.642941176470589
2013-06-01,48.6364705882353,-7.24,39.7,3.1988235294117646,306.305294117647,0.5005882352941177,30.877647058823527,0.4923529411764705,0.0,83.87647058823529,5.0,5.0,13.0,14.0,19.0,21.0,11.0,6.0,3.0,2.0,2.0,3.0,27.218823529411765,2.964117647058824,326.33235294117645,18.57764705882353,0.17,83.79058823529412,4.572352941176471
2013-07-01,48.23411764705882,-5.07,41.11,3.5823529411764703,330.71294117647057,0.5335294117647059,37.98235294117647,0.4405882352941176,2.48,83.70588235294117,2.0,5.0,5.0,13.0,14.0,19.0,21.0,11.0,6.0,3.0,2.0,2.0,23.54,2.9511764705882357,263.12529411764706,24.89588235294118,0.1794117647058823,84.00235294117647,5.211176470588235
2013-08-01,46.65352941176471,-4.42,40.71,2.964117647058824,298.1441176470588,0.5123529411764707,48.73,0.4029411764705882,1.86,83.61176470588236,1.0,2.0,5.0,5.0,13.0,14.0,19.0,21.0,11.0,6.0,3.0,2.0,25.804117647058824,2.371176470588235,164.88,36.12235294117647,0.1411764705882353,83.97470588235294,5.6776470588235295
2013-09-01,58.42529411764706,-4.0,38.67,2.951176470588236,318.01529411764704,0.4535294117647059,22.16705882352941,0.4976470588235294,28.22823529411765,84.09647058823529,1.0,1.0,2.0,5.0,5.0,13.0,14.0,19.0,21.0,11.0,6.0,3.0,45.92411764705883,2.597058823529412,222.8670588235294,39.625882352941176,0.3341176470588235,83.93294117647058,6.827058823529412
2013-10-01,45.34,-5.22,31.18,2.371176470588235,328.96294117647057,0.3535294117647058,44.14882352941176,0.4341176470588235,3.722352941176471,84.12588235294118,2.0,1.0,1.0,2.0,5.0,5.0,13.0,14.0,19.0,21.0,11.0,6.0,36.31352941176471,2.436470588235294,227.7670588235294,29.528823529411767,0.2352941176470588,83.91882352941177,4.928235294117648
2013-11-01,41.862941176470585,-0.35,29.22,2.597058823529412,326.33235294117645,0.2788235294117647,38.66882352941177,0.3194117647058823,8.994117647058824,83.69117647058823,4.0,2.0,1.0,1.0,2.0,5.0,5.0,13.0,14.0,19.0,21.0,11.0,48.21647058823529,2.36,320.26529411764704,21.35,0.2723529411764706,83.76823529411764,4.221764705882353
2013-12-01,27.218823529411765,4.33,22.19,2.436470588235294,263.12529411764706,0.1870588235294117,17.44529411764706,0.17,8.064117647058824,83.30176470588236,7.0,4.0,2.0,1.0,1.0,2.0,5.0,5.0,13.0,14.0,19.0,21.0,58.90823529411765,2.1111764705882354,165.99588235294118,33.15470588235294,0.3858823529411764,84.09470588235294,3.772941176470588
2014-01-01,23.54,12.49,23.08,2.36,164.88,0.1252941176470588,15.623529411764707,0.1794117647058823,48.39117647058824,83.51941176470588,14.0,7.0,4.0,2.0,1.0,1.0,2.0,5.0,5.0,13.0,14.0,19.0,55.85941176470588,2.794117647058824,313.79470588235296,29.52176470588235,0.4423529411764706,83.71176470588236,3.64
2014-02-01,25.804117647058824,10.62,25.87,2.1111764705882354,222.8670588235294,0.1388235294117647,20.86117647058824,0.1411764705882353,5.894117647058824,83.58411764705883,54.0,14.0,7.0,4.0,2.0,1.0,1.0,2.0,5.0,5.0,13.0,14.0,49.93117647058824,2.605294117647059,312.2811764705882,17.89294117647059,0.4658823529411764,83.78941176470589,3.45
2014-03-01,45.92411764705883,7.11,30.57,2.794117647058824,227.7670588235294,0.22,41.82176470588235,0.3341176470588235,21.404117647058825,83.79058823529412,41.0,54.0,14.0,7.0,4.0,2.0,1.0,1.0,2.0,5.0,5.0,13.0,47.59882352941176,2.614705882352941,323.9970588235294,30.88588235294118,0.4252941176470588,83.64647058823529,3.823529411764706
2014-04-01,36.31352941176471,3.63,31.98,2.605294117647059,320.26529411764704,0.3,26.238235294117647,0.2352941176470588,15.51058823529412,84.00235294117647,36.0,41.0,54.0,14.0,7.0,4.0,2.0,1.0,1.0,2.0,5.0,5.0,39.010000000000005,2.638823529411765,274.15470588235297,34.17058823529412,0.3917647058823529,83.66470588235293,4.377058823529412
2014-05-01,48.21647058823529,-5.1,36.86,2.614705882352941,165.99588235294118,0.4335294117647059,24.91235294117647,0.2723529411764706,0.0,83.97470588235294,15.0,36.0,41.0,54.0,14.0,7.0,4.0,2.0,1.0,1.0,2.0,5.0,37.088235294117645,2.8105882352941176,315.9923529411765,34.39764705882353,0.2735294117647059,83.64941176470587,5.281176470588235
2014-06-01,58.90823529411765,-6.42,39.3,2.638823529411765,313.79470588235296,0.4617647058823529,18.57764705882353,0.3858823529411764,0.0,83.93294117647058,13.0,15.0,36.0,41.0,54.0,14.0,7.0,4.0,2.0,1.0,1.0,2.0,31.551176470588235,3.344705882352941,319.3982352941177,21.35176470588235,0.1494117647058823,83.80411764705883,4.945882352941176
2014-07-01,55.85941176470588,-4.42,41.11,2.8105882352941176,312.2811764705882,0.5305882352941176,24.89588235294118,0.4423529411764706,0.0,83.91882352941177,7.0,13.0,15.0,36.0,41.0,54.0,14.0,7.0,4.0,2.0,1.0,1.0,22.878823529411765,3.167058823529412,272.24470588235295,20.26,0.1047058823529411,83.91647058823528,4.81764705882353
2014-08-01,49.93117647058824,-4.64,41.06,3.344705882352941,323.9970588235294,0.5188235294117647,36.12235294117647,0.4658823529411764,12.409411764705885,83.76823529411764,3.0,7.0,13.0,15.0,36.0,41.0,54.0,14.0,7.0,4.0,2.0,1.0,27.782941176470587,2.642352941176471,207.63411764705884,28.654705882352943,0.1876470588235294,83.97058823529412,6.4276470588235295
2014-09-01,47.59882352941176,-4.62,36.1,3.167058823529412,274.15470588235297,0.4623529411764706,39.625882352941176,0.4252941176470588,50.56058823529412,84.09470588235294,3.0,3.0,7.0,13.0,15.0,36.0,41.0,54.0,14.0,7.0,4.0,2.0,41.17764705882353,3.103529411764706,249.01941176470584,41.794117647058826,0.2994117647058823,83.92176470588234,6.535294117647059
2014-10-01,39.010000000000005,-2.45,33.48,2.642352941176471,315.9923529411765,0.3576470588235294,29.528823529411767,0.3917647058823529,4.65,83.71176470588236,6.0,3.0,3.0,7.0,13.0,15.0,36.0,41.0,54.0,14.0,7.0,4.0,45.16411764705882,2.3129411764705883,191.24470588235292,35.8735294117647,0.4194117647058824,83.96176470588235,5.821176470588235
2014-11-01,37.088235294117645,3.48,27.82,3.103529411764706,319.3982352941177,0.268235294117647,21.35,0.2735294117647059,192.01411764705884,83.78941176470589,12.0,6.0,3.0,3.0,7.0,13.0,15.0,36.0,41.0,54.0,14.0,7.0,69.4435294117647,3.173529411764706,273.21529411764703,47.26,0.5094117647058823,83.38235294117646,5.807058823529411
2014-12-01,31.551176470588235,4.35,21.99,2.3129411764705883,272.24470588235295,0.1535294117647059,33.15470588235294,0.1494117647058823,21.093529411764703,83.64647058823529,21.0,12.0,6.0,3.0,3.0,7.0,13.0,15.0,36.0,41.0,54.0,14.0,70.13235294117646,2.125882352941177,322.36117647058825,21.08058823529412,0.7194117647058824,84.1064705882353,4.498823529411765
2015-01-01,22.878823529411765,8.08,24.37,3.173529411764706,207.63411764705884,0.1305882352941176,29.52176470588235,0.1047058823529411,15.821176470588236,83.66470588235293,43.0,21.0,12.0,6.0,3.0,3.0,7.0,13.0,15.0,36.0,41.0,54.0,62.59117647058823,2.627058823529412,158.88588235294117,27.56764705882353,0.6764705882352942,84.17647058823529,3.708235294117647
2015-02-01,27.782941176470587,9.16,23.39,2.125882352941177,249.01941176470584,0.1388235294117647,17.89294117647059,0.1876470588235294,7.444117647058824,83.64941176470587,84.0,43.0,21.0,12.0,6.0,3.0,3.0,7.0,13.0,15.0,36.0,41.0,62.84117647058823,3.051764705882353,305.65705882352944,25.35529411764706,0.6288235294117647,83.60000000000001,3.885294117647059
2015-03-01,41.17764705882353,7.48,27.55,2.627058823529412,191.2447058823529,0.2052941176470588,30.88588235294118,0.2994117647058823,29.47,83.80411764705883,64.0,84.0,43.0,21.0,12.0,6.0,3.0,3.0,7.0,13.0,15.0,36.0,54.93764705882353,2.5058823529411764,330.36764705882354,26.57764705882353,0.5705882352941176,83.76176470588236,4.4405882352941175
2015-04-01,45.16411764705882,2.43,33.54,3.051764705882353,273.21529411764703,0.3017647058823529,34.17058823529412,0.4194117647058824,0.0,83.91647058823528,56.0,64.0,84.0,43.0,21.0,12.0,6.0,3.0,3.0,7.0,13.0,15.0,43.83,2.726470588235294,232.11823529411765,30.88117647058824,0.4829411764705882,83.7235294117647,5.04
2015-05-01,69.4435294117647,-3.12,36.87,2.5058823529411764,322.36117647058825,0.3888235294117647,34.39764705882353,0.5094117647058823,0.31,83.97058823529412,23.0,56.0,64.0,84.0,43.0,21.0,12.0,6.0,3.0,3.0,7.0,13.0,34.56588235294117,2.927647058823529,298.4105882352941,22.92529411764706,0.3135294117647059,83.81705882352942,4.98
2015-06-01,70.13235294117646,-4.09,40.73,2.726470588235294,158.88588235294117,0.4758823529411765,21.35176470588235,0.7194117647058824,0.0,83.92176470588234,20.0,23.0,56.0,64.0,84.0,43.0,21.0,12.0,6.0,3.0,3.0,7.0,31.702352941176475,3.348235294117647,307.3294117647059,22.278823529411767,0.1741176470588235,83.85117647058824,5.0594117647058825
2015-07-01,62.59117647058823,-5.88,41.19,2.927647058823529,305.65705882352944,0.5252941176470588,20.26,0.6764705882352942,20.783529411764704,83.96176470588235,11.0,20.0,23.0,56.0,64.0,84.0,43.0,21.0,12.0,6.0,3.0,3.0,28.21117647058824,2.442941176470588,182.79882352941172,44.184705882352944,0.2423529411764706,84.08941176470589,6.401176470588236
2015-08-01,62.84117647058823,-5.93,40.8,3.348235294117647,330.36764705882354,0.4770588235294117,28.654705882352943,0.6288235294117647,10.238235294117649,83.38235294117646,4.0,11.0,20.0,23.0,56.0,64.0,84.0,43.0,21.0,12.0,6.0,3.0,33.006470588235295,2.828823529411765,211.84941176470588,44.086470588235294,0.2258823529411764,83.98470588235294,7.087647058823529
2015-09-01,54.93764705882353,-4.42,37.47,2.442941176470588,232.11823529411765,0.4170588235294117,41.794117647058826,0.5705882352941176,47.14941176470588,84.1064705882353,4.0,4.0,11.0,20.0,23.0,56.0,64.0,84.0,43.0,21.0,12.0,6.0,40.40588235294118,2.3611764705882354,262.6735294117647,34.748823529411766,0.1988235294117647,83.85705882352941,6.45
2015-10-01,43.83,1.24,31.05,2.828823529411765,298.4105882352941,0.3670588235294117,35.8735294117647,0.4829411764705882,14.269411764705882,84.17647058823529,8.0,4.0,4.0,11.0,20.0,23.0,56.0,64.0,84.0,43.0,21.0,12.0,58.576470588235296,2.2347058823529413,244.78529411764708,39.67823529411765,0.4529411764705882,83.80117647058823,7.176470588235294
2015-11-01,34.56588235294117,4.31,25.76,2.3611764705882354,307.3294117647059,0.2770588235294117,47.26,0.3135294117647059,0.62,83.60000000000001,19.0,8.0,4.0,4.0,11.0,20.0,23.0,56.0,64.0,84.0,43.0,21.0,47.64411764705883,1.7388235294117649,35.43764705882353,15.33941176470588,0.4188235294117647,84.1935294117647,4.162352941176471
2015-12-01,31.702352941176475,4.65,19.62,2.2347058823529413,182.7988235294117,0.1870588235294117,21.08058823529412,0.1741176470588235,0.0,83.76176470588236,32.0,19.0,8.0,4.0,4.0,11.0,20.0,23.0,56.0,64.0,84.0,43.0,47.03411764705883,1.447058823529412,132.01,33.70647058823529,0.32,84.58411764705883,3.4976470588235293
2016-01-01,28.21117647058824,12.83,22.83,1.7388235294117649,211.84941176470588,0.1352941176470588,27.56764705882353,0.2423529411764706,5.272941176470589,83.7235294117647,67.0,32.0,19.0,8.0,4.0,4.0,11.0,20.0,23.0,56.0,64.0,84.0,44.47176470588235,1.8794117647058823,283.1864705882353,20.921176470588232,0.2988235294117647,84.25529411764705,3.4158823529411766
2016-02-01,33.006470588235295,10.49,23.54,1.447058823529412,262.6735294117647,0.1617647058823529,25.35529411764706,0.2258823529411764,17.68235294117647,83.81705882352942,92.0,67.0,32.0,19.0,8.0,4.0,4.0,11.0,20.0,23.0,56.0,64.0,46.61941176470588,3.0758823529411763,330.48764705882354,26.16941176470588,0.3023529411764705,83.97529411764705,3.161764705882353
2016-03-01,40.40588235294118,7.76,28.45,1.8794117647058823,244.78529411764708,0.2188235294117647,26.57764705882353,0.1988235294117647,19.23235294117647,83.85117647058824,70.0,92.0,67.0,32.0,19.0,8.0,4.0,4.0,11.0,20.0,23.0,56.0,42.53058823529412,2.992352941176471,327.4688235294118,20.443529411764704,0.3723529411764706,83.57705882352941,3.134705882352941
2016-04-01,58.576470588235296,4.15,34.07,3.0758823529411763,35.43764705882353,0.3223529411764706,30.88117647058824,0.4529411764705882,0.0,84.08941176470589,61.0,70.0,92.0,67.0,32.0,19.0,8.0,4.0,4.0,11.0,20.0,23.0,39.968823529411765,3.14,318.7852941176471,27.764117647058825,0.2876470588235293,83.36058823529413,4.124705882352941
2016-05-01,47.64411764705883,-4.86,36.94,2.992352941176471,132.01,0.45,22.92529411764706,0.4188235294117647,21.401764705882357,83.98470588235294,26.0,61.0,70.0,92.0,67.0,32.0,19.0,8.0,4.0,4.0,11.0,20.0,42.36882352941176,3.411764705882353,247.17529411764704,34.04294117647059,0.3341176470588236,83.61352941176472,5.261176470588235
2016-06-01,47.03411764705883,-3.31,40.85,3.14,283.1864705882353,0.4623529411764706,22.278823529411767,0.32,0.0,83.85705882352941,22.0,26.0,61.0,70.0,92.0,67.0,32.0,19.0,8.0,4.0,4.0,11.0,27.983529411764707,2.924117647058824,179.96588235294118,14.027058823529412,0.1388235294117647,83.80764705882353,5.058235294117647
2016-07-01,44.47176470588235,-3.14,41.6,3.411764705882353,330.48764705882354,0.5635294117647058,44.184705882352944,0.2988235294117647,5.893529411764706,83.80117647058823,13.0,22.0,26.0,61.0,70.0,92.0,67.0,32.0,19.0,8.0,4.0,4.0,25.59588235294117,2.6088235294117648,198.18764705882356,34.55176470588236,0.1541176470588235,84.04352941176471,6.107647058823529
2016-08-01,46.61941176470588,-7.26,40.24,2.924117647058824,327.4688235294118,0.5135294117647059,44.086470588235294,0.3023529411764705,10.235294117647058,84.1935294117647,5.0,13.0,22.0,26.0,61.0,70.0,92.0,67.0,32.0,19.0,8.0,4.0,28.96294117647059,2.46,172.11588235294118,41.52588235294118,0.2205882352941176,84.14117647058823,6.778823529411764
2016-09-01,42.53058823529412,-5.58,35.96,2.6088235294117648,318.7852941176471,0.4535294117647059,34.748823529411766,0.3723529411764706,7.754705882352942,84.58411764705883,5.0,5.0,13.0,22.0,26.0,61.0,70.0,92.0,67.0,32.0,19.0,8.0,35.64058823529412,2.471764705882353,235.85882352941172,41.125882352941176,0.2270588235294117,84.00882352941177,6.239411764705882
2016-10-01,39.968823529411765,-2.39,31.45,2.46,247.17529411764704,0.358235294117647,39.67823529411765,0.2876470588235293,16.13058823529412,84.25529411764705,9.0,5.0,5.0,13.0,22.0,26.0,61.0,70.0,92.0,67.0,32.0,19.0,50.41882352941177,2.4311764705882357,206.54529411764705,43.83588235294117,0.3705882352941176,83.85764705882353,6.464117647058823
2016-11-01,42.36882352941176,-0.35,25.98,2.471764705882353,179.96588235294118,0.2652941176470588,15.33941176470588,0.3341176470588236,45.90882352941176,83.97529411764705,21.0,9.0,5.0,5.0,13.0,22.0,26.0,61.0,70.0,92.0,67.0,32.0,59.544117647058826,2.2923529411764707,271.09529411764703,38.28,0.448235294117647,83.68823529411765,4.7570588235294125
2016-12-01,27.983529411764707,6.36,22.93,2.431176470588236,198.1876470588236,0.1635294117647059,33.70647058823529,0.1388235294117647,39.0835294117647,83.57705882352941,35.0,21.0,9.0,5.0,5.0,13.0,22.0,26.0,61.0,70.0,92.0,67.0,68.3970588235294,1.9676470588235293,64.95117647058824,28.60705882352941,0.5176470588235295,84.09705882352942,4.310588235294118
2017-01-01,25.59588235294117,11.19,24.96,2.2923529411764707,172.11588235294118,0.1335294117647059,20.921176470588232,0.1541176470588235,3.722941176470589,83.36058823529413,73.0,35.0,21.0,9.0,5.0,5.0,13.0,22.0,26.0,61.0,70.0,92.0,54.45647058823529,2.235294117647059,305.6629411764706,22.753529411764703,0.5035294117647059,83.87882352941176,3.1082352941176468
2017-02-01,28.96294117647059,13.57,28.15,1.9676470588235293,235.8588235294117,0.1517647058823529,26.16941176470588,0.2205882352941176,46.52882352941177,83.61352941176472,73.0,73.0,35.0,21.0,9.0,5.0,5.0,13.0,22.0,26.0,61.0,70.0,57.81235294117647,2.2717647058823527,245.07,28.54058823529412,0.5252941176470588,83.70411764705882,4.065294117647059
2017-03-01,35.64058823529412,6.9,28.51,2.235294117647059,206.54529411764705,0.2035294117647058,20.443529411764704,0.2270588235294117,11.168235294117649,83.80764705882353,56.0,73.0,73.0,35.0,21.0,9.0,5.0,5.0,13.0,22.0,26.0,61.0,48.32470588235294,2.508235294117647,312.3805882352941,21.81117647058824,0.5011764705882352,83.78235294117647,4.075294117647059
2017-04-01,50.41882352941177,4.07,35.14,2.2717647058823527,271.09529411764703,0.3317647058823529,27.764117647058825,0.3705882352941176,2.48,84.04352941176471,49.0,56.0,73.0,73.0,35.0,21.0,9.0,5.0,5.0,13.0,22.0,26.0,41.97764705882353,2.2764705882352945,246.57705882352943,34.43294117647059,0.4082352941176471,83.66058823529411,5.171764705882353
2017-05-01,59.544117647058826,-4.13,35.02,2.508235294117647,64.95117647058824,0.4135294117647058,34.04294117647059,0.448235294117647,0.31,84.14117647058823,20.0,49.0,56.0,73.0,73.0,35.0,21.0,9.0,5.0,5.0,13.0,22.0,34.93176470588236,2.9417647058823526,252.41764705882355,34.72882352941176,0.258235294117647,83.67882352941176,5.42
2017-06-01,68.3970588235294,-6.38,38.87,2.2764705882352945,305.6629411764706,0.4870588235294117,14.027058823529412,0.5176470588235295,4.029999999999999,84.00882352941177,18.0,20.0,49.0,56.0,73.0,73.0,35.0,21.0,9.0,5.0,5.0,13.0,27.99529411764706,2.592941176470588,191.1682352941177,36.99235294117647,0.1894117647058823,83.92470588235294,5.960000000000001
2017-07-01,54.45647058823529,-7.24,41.68,2.9417647058823526,245.07,0.5041176470588236,34.55176470588236,0.5035294117647059,0.0,83.85764705882353,10.0,18.0,20.0,49.0,56.0,73.0,73.0,35.0,21.0,9.0,5.0,5.0,18.688235294117646,2.8635294117647057,184.36235294117645,25.038823529411765,0.118235294117647,83.97411764705882,4.458235294117647
2017-08-01,57.81235294117647,-3.88,40.8,2.592941176470588,312.3805882352941,0.5252941176470588,41.52588235294118,0.5252941176470588,0.31,83.68823529411765,4.0,10.0,18.0,20.0,49.0,56.0,73.0,73.0,35.0,21.0,9.0,5.0,26.94470588235294,2.501764705882353,186.2958823529412,39.178823529411765,0.1429411764705882,84.01294117647059,6.158823529411765
2017-09-01,48.32470588235294,-5.75,37.98,2.8635294117647057,246.57705882352943,0.4376470588235294,41.125882352941176,0.5011764705882352,4.34,84.09705882352942,4.0,4.0,10.0,18.0,20.0,49.0,56.0,73.0,73.0,35.0,21.0,9.0,26.40235294117647,2.594705882352941,274.79764705882354,26.506470588235292,0.1605882352941176,84.02882352941177,4.824705882352941
2017-10-01,41.97764705882353,3.3,30.69,2.501764705882353,252.41764705882355,0.3870588235294118,43.83588235294117,0.4082352941176471,8.994117647058824,83.87882352941176,7.0,4.0,4.0,10.0,18.0,20.0,49.0,56.0,73.0,73.0,35.0,21.0,38.76647058823529,1.7576470588235291,189.01941176470584,33.472941176470584,0.2799999999999999,84.23235294117647,5.5452941176470585
2017-11-01,34.93176470588236,4.52,24.22,2.594705882352941,191.1682352941177,0.268235294117647,38.28,0.258235294117647,11.16764705882353,83.70411764705882,17.0,7.0,4.0,4.0,10.0,18.0,20.0,49.0,56.0,73.0,73.0,35.0,27.331764705882357,1.864117647058824,248.4617647058824,29.885882352941177,0.1735294117647059,83.93823529411765,2.701764705882353
2017-12-01,27.99529411764706,8.57,20.54,1.7576470588235291,184.36235294117645,0.1717647058823529,28.60705882352941,0.1894117647058823,9.30470588235294,83.78235294117647,28.0,17.0,7.0,4.0,4.0,10.0,18.0,20.0,49.0,56.0,73.0,73.0,50.00411764705883,1.8229411764705885,57.69941176470588,16.46294117647059,0.3999999999999999,84.16647058823528,3.187058823529412
2018-01-01,18.688235294117646,12.58,21.15,1.864117647058824,186.2958823529412,0.1235294117647058,22.753529411764703,0.118235294117647,675.02,83.66058823529411,58.0,28.0,17.0,7.0,4.0,4.0,10.0,18.0,20.0,49.0,56.0,73.0,55.99941176470588,2.623333333333333,123.25166666666668,30.03882352941176,0.4435294117647059,83.64941176470587,3.296470588235294
2018-02-01,26.94470588235294,9.69,23.67,1.8229411764705885,274.79764705882354,0.1241176470588235,28.54058823529412,0.1429411764705882,458.77,83.67882352941176,131.0,58.0,28.0,17.0,7.0,4.0,4.0,10.0,18.0,20.0,49.0,56.0,60.22235294117647,2.535,305.0883333333333,30.61647058823529,0.4929411764705882,83.02529411764706,3.611176470588235
2018-03-01,26.40235294117647,8.12,26.8,2.623333333333333,189.01941176470584,0.19,21.81117647058824,0.1605882352941176,300.59000000000003,83.92470588235294,146.0,131.0,58.0,28.0,17.0,7.0,4.0,4.0,10.0,18.0,20.0,49.0,57.075294117647054,4.221666666666667,316.67333333333335,27.71764705882353,0.4723529411764705,83.22058823529412,4.574117647058823
2018-04-01,38.76647058823529,3.98,32.86,2.535,248.4617647058824,0.3258823529411764,34.43294117647059,0.2799999999999999,142.38,83.97411764705882,137.0,146.0,131.0,58.0,28.0,17.0,7.0,4.0,4.0,10.0,18.0,20.0,48.93882352941176,3.6833333333333336,314.99583333333334,32.25941176470588,0.398235294117647,83.10235294117648,4.5588235294117645
2018-05-01,27.33176470588236,-1.17,37.23,4.221666666666667,57.69941176470588,0.3923529411764705,34.72882352941176,0.1735294117647059,237.29,84.01294117647059,30.0,137.0,146.0,131.0,58.0,28.0,17.0,7.0,4.0,4.0,10.0,18.0,48.43588235294118,3.046666666666667,320.1508333333333,28.83,0.361764705882353,83.09882352941177,5.557058823529411
2018-06-01,50.00411764705883,-4.21,40.46,3.6833333333333336,123.25166666666668,0.4505882352941177,36.99235294117647,0.3999999999999999,0.0,84.02882352941177,44.0,30.0,137.0,146.0,131.0,58.0,28.0,17.0,7.0,4.0,4.0,10.0,38.10764705882352,3.1641666666666666,327.595,14.844117647058823,0.2152941176470588,83.37764705882353,5.799411764705883
2018-07-01,55.99941176470588,-7.1,42.19,3.046666666666667,305.0883333333333,0.5547058823529412,25.038823529411765,0.4435294117647059,0.0,84.23235294117647,26.0,44.0,30.0,137.0,146.0,131.0,58.0,28.0,17.0,7.0,4.0,4.0,19.65,2.9258333333333333,258.62583333333333,36.48941176470588,0.1076470588235294,83.73411764705882,4.802352941176471
2018-08-01,60.22235294117647,-9.89,41.77,3.1641666666666666,316.67333333333335,0.5023529411764706,39.178823529411765,0.4929411764705882,337.51,83.93823529411765,7.0,26.0,44.0,30.0,137.0,146.0,131.0,58.0,28.0,17.0,7.0,4.0,34.438235294117646,2.625833333333333,169.86916666666667,38.245294117647056,0.27,83.68882352941176,7.325294117647059
2018-09-01,57.075294117647054,-6.01,39.4,2.9258333333333333,314.99583333333334,0.4523529411764706,26.50647058823529,0.4723529411764705,669.6999999999999,84.16647058823528,2.0,7.0,26.0,44.0,30.0,137.0,146.0,131.0,58.0,28.0,17.0,7.0,50.11764705882353,2.1375,178.83416666666668,51.07,0.3658823529411764,83.77,8.00235294117647
2018-10-01,48.93882352941176,-3.26,31.53,2.625833333333333,320.1508333333333,0.3376470588235294,33.472941176470584,0.398235294117647,627.53,83.64941176470587,11.0,2.0,7.0,26.0,44.0,30.0,137.0,146.0,131.0,58.0,28.0,17.0,58.37882352941177,2.715,295.12166666666667,37.44176470588235,0.4205882352941176,83.41823529411765,6.595294117647059
2018-11-01,48.43588235294118,-1.21,26.85,2.1375,327.595,0.2664705882352941,29.885882352941177,0.361764705882353,748.8,83.02529411764706,58.0,11.0,2.0,7.0,26.0,44.0,30.0,137.0,146.0,131.0,58.0,28.0,64.00529411764705,2.188333333333333,289.9266666666667,32.82,0.4976470588235294,83.38411764705882,5.14764705882353
2018-12-01,38.10764705882352,6.28,22.37,2.715,258.62583333333333,0.188235294117647,16.46294117647059,0.2152941176470588,0.0,83.22058823529412,81.0,58.0,11.0,2.0,7.0,26.0,44.0,30.0,137.0,146.0,131.0,58.0,45.78705882352941,1.5191666666666668,78.88166666666666,12.63529411764706,0.4994117647058824,84.05941176470589,3.668235294117647
2019-01-01,19.65,10.35,21.73,2.188333333333333,169.86916666666667,0.1541176470588235,30.03882352941176,0.1076470588235294,0.0,83.10235294117648,84.0,81.0,58.0,11.0,2.0,7.0,26.0,44.0,30.0,137.0,146.0,131.0,46.45176470588235,1.9608333333333328,313.07416666666666,12.647058823529411,0.4558823529411764,83.61470588235295,2.87
2019-02-01,34.438235294117646,12.47,21.15,1.5191666666666668,178.83416666666668,0.1658823529411764,30.61647058823529,0.27,168.72,83.09882352941177,119.0,84.0,81.0,58.0,11.0,2.0,7.0,26.0,44.0,30.0,137.0,146.0,38.49470588235294,2.1041666666666665,79.38250000000001,18.245882352941177,0.4088235294117647,83.82411764705883,2.783529411764706
2019-03-01,50.11764705882353,8.37,26.76,1.9608333333333328,295.12166666666667,0.2341176470588235,27.71764705882353,0.3658823529411764,564.26,83.37764705882353,99.0,119.0,84.0,81.0,58.0,11.0,2.0,7.0,26.0,44.0,30.0,137.0,43.81470588235294,2.5083333333333333,185.4675,30.349411764705884,0.3752941176470588,83.54411764705883,3.858823529411764
2019-04-01,58.37882352941177,-2.74,28.75,2.1041666666666665,289.9266666666667,0.3241176470588235,32.25941176470588,0.4205882352941176,200.39,83.73411764705882,85.0,99.0,119.0,84.0,81.0,58.0,11.0,2.0,7.0,26.0,44.0,30.0,49.59941176470589,3.1166666666666667,309.97083333333336,35.680588235294124,0.4229411764705882,83.14117647058823,4.632352941176471
2019-05-01,64.00529411764705,-2.75,32.44,2.5083333333333333,78.88166666666666,0.4058823529411764,28.83,0.4976470588235294,126.55,83.68882352941176,35.0,85.0,99.0,119.0,84.0,81.0,58.0,11.0,2.0,7.0,26.0,44.0,31.18588235294117,2.529166666666667,298.21583333333336,23.77647058823529,0.2770588235294117,83.37352941176471,4.803529411764706
2019-06-01,45.78705882352941,-4.37,37.25,3.1166666666666667,313.07416666666666,0.49,14.844117647058823,0.4994117647058824,100.18,83.77,16.0,35.0,85.0,99.0,119.0,84.0,81.0,58.0,11.0,2.0,7.0,26.0,29.5,2.7541666666666664,284.4975,14.310588235294118,0.2241176470588235,83.42647058823529,5.04764705882353
2019-07-01,46.45176470588235,-6.18,39.99,2.529166666666667,79.38250000000001,0.5770588235294117,36.48941176470588,0.4558823529411764,57.99,83.41823529411765,22.0,16.0,35.0,85.0,99.0,119.0,84.0,81.0,58.0,11.0,2.0,7.0,22.358823529411765,3.1166666666666667,225.1483333333333,23.22941176470588,0.1270588235294117,83.5564705882353,4.992941176470588
2019-08-01,38.49470588235294,-4.56,38.83,2.7541666666666664,185.4675,0.5341176470588236,38.245294117647056,0.4088235294117647,163.45,83.38411764705882,6.0,22.0,16.0,35.0,85.0,99.0,119.0,84.0,81.0,58.0,11.0,2.0,26.725294117647056,2.4841666666666664,220.09416666666667,47.72176470588235,0.1647058823529411,83.75411764705882,6.3629411764705885
2019-09-01,43.81470588235294,-2.99,35.73,3.1166666666666667,309.97083333333336,0.4541176470588235,51.07,0.3752941176470588,10.55,84.05941176470589,3.0,6.0,22.0,16.0,35.0,85.0,99.0,119.0,84.0,81.0,58.0,11.0,31.24823529411765,2.54,247.8008333333333,28.093529411764703,0.2241176470588235,83.72294117647058,5.504705882352941
2019-10-01,49.59941176470589,-4.52,28.89,2.4841666666666664,298.21583333333336,0.3964705882352941,37.44176470588235,0.4229411764705882,200.37,83.61470588235295,16.0,3.0,6.0,22.0,16.0,35.0,85.0,99.0,119.0,84.0,81.0,58.0,36.30352941176472,2.245,298.76,24.36588235294117,0.2294117647058823,83.6835294117647,4.707058823529412
2019-11-01,31.18588235294117,3.87,23.44,2.54,284.4975,0.2882352941176471,32.82,0.2770588235294117,26.37,83.82411764705883,71.0,16.0,3.0,6.0,22.0,16.0,35.0,85.0,99.0,119.0,84.0,81.0,50.82470588235294,2.7558333333333334,333.77500000000003,27.472941176470588,0.258235294117647,83.45,4.445294117647059
2019-12-01,29.5,6.19,23.44,2.245,225.1483333333333,0.1741176470588235,12.63529411764706,0.2241176470588235,574.78,83.54411764705883,122.0,71.0,16.0,3.0,6.0,22.0,16.0,35.0,85.0,99.0,119.0,84.0,54.30882352941177,2.1841666666666666,309.3641666666667,30.27588235294118,0.4458823529411764,83.66588235294117,3.98
2020-01-01,22.358823529411765,11.46,22.57,2.7558333333333334,220.09416666666667,0.1158823529411764,12.647058823529411,0.1270588235294117,142.37,83.14117647058823,147.0,122.0,71.0,16.0,3.0,6.0,22.0,16.0,35.0,85.0,99.0,119.0,48.64764705882353,1.6849999999999998,309.90833333333336,17.86176470588235,0.4217647058823529,83.84823529411766,2.9800000000000004
2020-02-01,26.725294117647056,13.94,23.38,2.1841666666666666,247.8008333333333,0.138235294117647,18.245882352941177,0.1647058823529411,0.0,83.37352941176471,172.0,147.0,122.0,71.0,16.0,3.0,6.0,22.0,16.0,35.0,85.0,99.0,33.618235294117646,1.7816666666666665,147.665,20.70705882352941,0.328235294117647,84.07882352941176,2.969411764705882
2020-03-01,31.24823529411765,7.07,25.49,1.6849999999999998,298.76,0.2282352941176471,30.349411764705884,0.2241176470588235,1302.54,83.42647058823529,113.0,172.0,147.0,122.0,71.0,16.0,3.0,6.0,22.0,16.0,35.0,85.0,48.532941176470594,2.6675,334.98833333333334,31.102941176470587,0.3976470588235294,83.26058823529412,4.115882352941177
2020-04-01,36.30352941176472,-0.91,29.71,1.7816666666666665,333.77500000000003,0.2941176470588235,35.680588235294124,0.2294117647058823,321.67,83.5564705882353,56.0,113.0,172.0,147.0,122.0,71.0,16.0,3.0,6.0,22.0,16.0,35.0,52.805294117647065,3.1958333333333333,299.55583333333334,38.56235294117647,0.4688235294117647,83.2270588235294,5.422941176470588
2020-05-01,50.82470588235294,-3.69,35.85,2.6675,309.3641666666667,0.4041176470588235,23.77647058823529,0.258235294117647,174.03,83.75411764705882,9.0,56.0,113.0,172.0,147.0,122.0,71.0,16.0,3.0,6.0,22.0,16.0,40.77294117647059,2.9133333333333336,271.74916666666667,32.054117647058824,0.3852941176470588,83.50823529411765,5.582352941176471
2020-06-01,54.30882352941177,-3.84,36.94,3.1958333333333333,309.90833333333336,0.47,14.310588235294118,0.4458823529411764,0.0,83.72294117647058,15.0,9.0,56.0,113.0,172.0,147.0,122.0,71.0,16.0,3.0,6.0,22.0,34.075294117647054,3.5066666666666664,289.6816666666667,22.929411764705883,0.2270588235294117,83.57823529411765,5.378235294117647
2020-07-01,48.64764705882353,-5.25,39.21,2.9133333333333336,147.665,0.5547058823529412,23.22941176470588,0.4217647058823529,474.58,83.6835294117647,25.0,15.0,9.0,56.0,113.0,172.0,147.0,122.0,71.0,16.0,3.0,6.0,26.544117647058822,2.535,204.00666666666663,43.81294117647059,0.2323529411764706,83.75117647058823,6.508235294117647
2020-08-01,33.618235294117646,-1.95,39.52,3.5066666666666664,334.98833333333334,0.5158823529411765,47.72176470588235,0.328235294117647,52.71,83.45,21.0,25.0,15.0,9.0,56.0,113.0,172.0,147.0,122.0,71.0,16.0,3.0,27.245882352941177,2.6391666666666667,228.875,39.989411764705885,0.1958823529411764,83.67117647058824,6.593529411764706
2020-09-01,48.532941176470594,-4.12,35.31,2.535,299.55583333333334,0.4676470588235294,28.093529411764703,0.3976470588235294,73.78,83.66588235294117,13.0,21.0,25.0,15.0,9.0,56.0,113.0,172.0,147.0,122.0,71.0,16.0,33.61764705882353,2.7875,274.66333333333336,30.65705882352941,0.2158823529411764,83.74176470588235,6.369999999999999
2020-10-01,52.805294117647065,-1.38,34.92,2.6391666666666667,271.74916666666667,0.388235294117647,24.36588235294117,0.4688235294117647,421.88,83.84823529411766,39.0,13.0,21.0,25.0,15.0,9.0,56.0,113.0,172.0,147.0,122.0,71.0,40.875882352941176,2.353333333333333,296.38916666666665,25.61764705882353,0.2694117647058823,83.69117647058823,5.039411764705882
2020-11-01,40.77294117647059,-0.56,28.08,2.7875,289.6816666666667,0.2864705882352941,27.472941176470588,0.3852941176470588,706.6,84.07882352941176,34.0,39.0,13.0,21.0,25.0,15.0,9.0,56.0,113.0,172.0,147.0,122.0,58.21764705882353,2.0625,209.18416666666667,38.12882352941177,0.4435294117647059,83.72117647058823,5.388235294117647
2020-12-01,34.075294117647054,4.58,23.86,2.353333333333333,204.00666666666663,0.16,30.27588235294118,0.2270588235294117,179.31,83.26058823529412,47.0,34.0,39.0,13.0,21.0,25.0,15.0,9.0,56.0,113.0,172.0,147.0,63.07117647058824,2.2416666666666667,307.6308333333333,15.864117647058825,0.4764705882352941,83.48411764705882,4.310588235294118
2021-01-01,26.544117647058822,15.43,22.54,2.0625,228.875,0.1258823529411764,17.86176470588235,0.2323529411764706,754.11,83.2270588235294,107.0,47.0,34.0,39.0,13.0,21.0,25.0,15.0,9.0,56.0,113.0,172.0,59.07882352941176,2.46,302.5225,26.013529411764708,0.5158823529411765,83.54529411764706,4.0329411764705885
2021-02-01,27.245882352941177,12.34,25.94,2.2416666666666667,274.66333333333336,0.1458823529411764,20.70705882352941,0.1958823529411764,643.37,83.50823529411765,99.0,107.0,47.0,34.0,39.0,13.0,21.0,25.0,15.0,9.0,56.0,113.0,53.81,2.330833333333333,264.425,29.914117647058823,0.4982352941176471,83.50588235294117,3.881764705882353
2021-03-01,33.61764705882353,9.87,30.0,2.46,296.38916666666665,0.2041176470588235,31.102941176470587,0.2158823529411764,527.3299999999999,83.57823529411765,69.0,99.0,107.0,47.0,34.0,39.0,13.0,21.0,25.0,15.0,9.0,56.0,54.9964705882353,2.853333333333333,255.6508333333333,37.27,0.5329411764705883,83.3905882352941,4.288823529411765
2021-04-01,40.875882352941176,0.73,29.12,2.330833333333333,209.18416666666667,0.2876470588235293,38.56235294117647,0.2694117647058823,54.35,83.75117647058823,54.0,69.0,99.0,107.0,47.0,34.0,39.0,13.0,21.0,25.0,15.0,9.0,50.26176470588236,3.061666666666667,309.9533333333333,31.45705882352941,0.4358823529411765,83.09117647058824,5.374705882352941
2021-05-01,58.21764705882353,-4.53,33.57,2.853333333333333,307.6308333333333,0.4064705882352941,32.054117647058824,0.4435294117647059,157.41,83.67117647058824,36.0,54.0,69.0,99.0,107.0,47.0,34.0,39.0,13.0,21.0,25.0,15.0,38.56705882352941,2.8666666666666667,203.5775,42.881764705882354,0.3294117647058823,83.44529411764705,5.725882352941177
2021-06-01,63.07117647058824,-5.2,38.11,3.061666666666667,302.5225,0.4405882352941176,22.929411764705883,0.4764705882352941,45.67,83.74176470588235,14.0,36.0,54.0,69.0,99.0,107.0,47.0,34.0,39.0,13.0,21.0,25.0,34.10176470588235,3.1075,285.485,29.984117647058824,0.2005882352941176,83.54352941176471,5.739411764705882
2021-07-01,59.07882352941176,-9.18,39.8,2.8666666666666667,264.425,0.5164705882352942,43.81294117647059,0.5158823529411765,3.19,83.69117647058823,13.0,14.0,36.0,54.0,69.0,99.0,107.0,47.0,34.0,39.0,13.0,21.0,20.139411764705883,2.93,203.23416666666665,37.07235294117647,0.1070588235294117,83.74352941176471,5.104705882352941
2021-08-01,53.81,-5.73,39.27,3.1075,255.6508333333333,0.478235294117647,39.989411764705885,0.4982352941176471,1.12,83.72117647058823,4.0,13.0,14.0,36.0,54.0,69.0,99.0,107.0,47.0,34.0,39.0,13.0,22.05529411764706,2.8475,202.5091666666667,22.00941176470588,0.0870588235294117,83.64588235294117,4.839411764705882
2021-09-01,54.9964705882353,-4.99,36.32,2.93,309.9533333333333,0.48,30.65705882352941,0.5329411764705883,401.06,83.48411764705882,1.0,4.0,13.0,14.0,36.0,54.0,69.0,99.0,107.0,47.0,34.0,39.0,32.764117647058825,2.61,261.7758333333333,29.209411764705884,0.2029411764705882,83.70823529411764,5.845882352941176
2021-10-01,50.26176470588236,0.58,32.98,2.8475,203.5775,0.3823529411764705,25.61764705882353,0.4358823529411765,29.28,83.54529411764706,6.0,1.0,4.0,13.0,14.0,36.0,54.0,69.0,99.0,107.0,47.0,34.0,32.777058823529416,2.0383333333333336,235.9033333333333,17.05,0.2047058823529411,83.68470588235293,4.410588235294118
2021-11-01,38.56705882352941,-1.38,25.35,2.61,285.485,0.2741176470588235,38.12882352941177,0.3294117647058823,291.44,83.50588235294117,25.0,6.0,1.0,4.0,13.0,14.0,36.0,54.0,69.0,99.0,107.0,47.0,50.95,2.561666666666667,341.6408333333333,27.537647058823527,0.2852941176470588,83.31470588235295,3.870000000000001
2021-12-01,34.10176470588235,7.06,24.92,2.0383333333333336,203.23416666666665,0.1641176470588235,15.864117647058825,0.2005882352941176,251.06,83.3905882352941,20.0,25.0,6.0,1.0,4.0,13.0,14.0,36.0,54.0,69.0,99.0,107.0,56.81823529411764,2.0825,205.99,28.81647058823529,0.4223529411764706,83.7735294117647,4.108235294117647
2022-01-01,20.139411764705883,12.98,23.78,2.561666666666667,202.5091666666667,0.118235294117647,26.013529411764708,0.1070588235294117,544.02,83.09117647058824,42.0,20.0,25.0,6.0,1.0,4.0,13.0,14.0,36.0,54.0,69.0,99.0,54.83058823529412,2.106666666666667,126.105,35.40176470588235,0.43,83.84529411764707,3.6217647058823528
2022-02-01,22.05529411764706,12.12,24.51,2.0825,261.7758333333333,0.128235294117647,29.914117647058823,0.0870588235294117,198.03,83.44529411764705,33.0,42.0,20.0,25.0,6.0,1.0,4.0,13.0,14.0,36.0,54.0,69.0,53.415882352941175,2.035833333333333,137.99583333333334,43.60058823529412,0.4447058823529412,83.77117647058824,4.214117647058823
2022-03-01,32.764117647058825,9.1,26.2,2.106666666666667,235.9033333333333,0.1776470588235294,37.27,0.2029411764705882,647.85,83.54352941176471,29.0,33.0,42.0,20.0,25.0,6.0,1.0,4.0,13.0,14.0,36.0,54.0,56.42941176470588,3.0083333333333333,292.48,37.73117647058824,0.4582352941176471,83.10352941176471,4.229411764705882
2022-04-01,32.777058823529416,5.62,29.23,2.035833333333333,341.6408333333333,0.2876470588235293,31.45705882352941,0.2047058823529411,1161.05,83.74352941176471,18.0,29.0,33.0,42.0,20.0,25.0,6.0,1.0,4.0,13.0,14.0,36.0,49.14882352941176,3.0483333333333333,321.41416666666663,27.708823529411767,0.5135294117647059,83.07882352941176,4.619411764705882
2022-05-01,50.95,-3.93,35.84,3.0083333333333333,205.99,0.4088235294117646,42.881764705882354,0.2852941176470588,52.88,83.64588235294117,21.0,18.0,29.0,33.0,42.0,20.0,25.0,6.0,1.0,4.0,13.0,14.0,34.79058823529412,3.0341666666666662,230.97,29.61647058823529,0.3641176470588235,83.57882352941176,4.935882352941176
2022-06-01,56.81823529411764,-5.93,37.9,3.0483333333333333,126.105,0.4582352941176471,29.984117647058824,0.4223529411764706,72.89,83.70823529411764,11.0,21.0,18.0,29.0,33.0,42.0,20.0,25.0,6.0,1.0,4.0,13.0,29.87705882352941,2.939166666666667,214.045,36.70529411764706,0.2058823529411764,83.58352941176472,5.679411764705883
2022-07-01,54.83058823529412,-3.49,40.55,3.0341666666666662,137.99583333333334,0.5147058823529411,37.07235294117647,0.43,77.34,83.68470588235293,8.0,11.0,21.0,18.0,29.0,33.0,42.0,20.0,25.0,6.0,1.0,4.0,22.98588235294117,2.5458333333333334,155.15583333333333,43.90882352941176,0.1588235294117647,83.83705882352942,5.755882352941176
2022-08-01,53.415882352941175,-2.49,39.94,2.939166666666667,292.48,0.5017647058823529,22.00941176470588,0.4447058823529412,46.32,83.31470588235295,11.0,8.0,11.0,21.0,18.0,29.0,33.0,42.0,20.0,25.0,6.0,1.0,24.279411764705884,2.7175,213.68666666666664,45.057647058823534,0.118235294117647,83.64941176470587,5.964117647058823
2022-09-01,56.42941176470588,-4.82,37.77,2.5458333333333334,321.41416666666663,0.4517647058823529,29.209411764705884,0.4582352941176471,158.93,83.7735294117647,11.0,11.0,8.0,11.0,21.0,18.0,29.0,33.0,42.0,20.0,25.0,6.0,38.974705882352936,2.813333333333333,263.8483333333333,36.3235294117647,0.1935294117647059,83.53235294117647,6.657058823529412
2022-10-01,49.14882352941176,-4.1,33.93,2.7175,230.97,0.368235294117647,17.05,0.5135294117647059,436.26,83.84529411764707,18.0,11.0,11.0,8.0,11.0,21.0,18.0,29.0,33.0,42.0,20.0,25.0,40.498823529411766,2.4341666666666666,148.05416666666667,36.97941176470589,0.361764705882353,83.8564705882353,5.51235294117647
2022-11-01,34.79058823529412,0.47,28.49,2.813333333333333,214.045,0.2582352941176471,27.537647058823527,0.3641176470588235,26.9,83.77117647058824,7.0,18.0,11.0,11.0,8.0,11.0,21.0,18.0,29.0,33.0,42.0,20.0,35.26470588235294,1.6858333333333333,282.59666666666664,19.31117647058824,0.2570588235294118,83.88294117647058,3.777647058823529
2022-12-01,29.87705882352941,7.76,22.34,2.4341666666666666,155.15583333333333,0.1958823529411764,28.81647058823529,0.2058823529411764,497.06,83.10352941176471,12.0,7.0,18.0,11.0,11.0,8.0,11.0,21.0,18.0,29.0,33.0,42.0,61.07058823529412,2.3325,269.1558333333333,33.04058823529412,0.4188235294117647,83.62411764705882,4.974117647058824
